data,ora,Lat N,Long E,prof (km),Md
07/01/15,04.59.39.67,37.704,15.042,0.91,2.8
03/07/01,05.02.33.76,37.635,14.944,2.27,1.7
10/12/16,17.13.08.08,37.754,15.007,1.53,1.7
08/11/13,05.41.45.59,37.739,15.067,3.46,1.3
09/16/25,17.58.32.66,37.749,15.111,3.07,1.2
07/01/13,00.09.13.99,37.719,15.018,1.45,2.1
10/16/03,13.31.58.53,37.746,15.133,7.7,1.4
11/06/21,00.43.26.58,37.741,15.08,1.45,1.5
09/15/02,06.39.45.80,37.753,15.006,0.92,1.5
08/07/26,23.50.50.28,37.635,15.143,0.28,2.3
03/10/19,04.24.26.31,37.745,15.062,4.96,1.4
08/04/22,22.53.50.65,37.736,15.051,2.76,1.9
06/16/20,05.32.46.32,37.683,15.104,5.26,2.3
07/04/14,17.38.34.92,37.737,15.055,3.99,1.7
07/01/12,23.32.14.71,37.714,15.017,1.31,2.4
03/12/25,21.02.29.97,37.692,15.107,7.,3.2
02/12/15,15.54.03.30,37.755,15.11,5.65,1.6
07/01/15,00.24.30.31,37.692,14.977,-1.4,2.5
07/04/18,19.57.04.35,37.746,15.09,1.55,1.2
12/02/03,13.50.25.24,37.795,15.089,3.95,3.0
10/02/27,01.01.40.91,37.754,15.012,1.04,2.7
07/06/24,23.39.22.45,37.744,15.098,5.,1.3
01/08/05,17.25.07.91,37.688,15.103,0.84,1.5
12/03/02,04.24.23.91,37.721,15.044,2.97,1.5
12/07/23,15.14.32.39,37.727,15.1,3.97,1.2
04/02/04,11.29.20.63,37.717,15.067,3.57,2.0
08/06/25,07.07.30.17,37.742,15.056,4.57,1.4
04/15/26,05.47.12.70,37.806,15.062,-0.06,1.2
10/02/29,03.06.50.11,37.802,15.048,2.11,2.8
10/02/30,15.25.43.31,37.812,15.122,3.17,3.2
07/09/30,10.58.55.24,37.716,15.157,9.21,1.4
03/08/26,02.04.57.51,37.678,15.151,0.2,1.8
08/08/15,17.49.48.95,37.677,15.026,4.44,1.7
09/06/21,15.33.47.69,37.733,15.044,2.18,1.1
03/09/14,13.50.17.98,37.732,15.094,5.79,1.9
11/02/04,10.54.20.57,37.75,15.061,2.72,3.1
10/09/23,17.17.12.20,37.755,15.005,1.94,1.6
05/08/13,08.59.18.83,37.753,15.006,0.42,1.6
05/08/02,12.04.56.23,37.818,15.082,-1.57,3.0
11/15/13,00.07.23.92,37.744,15.103,4.24,1.0
11/16/24,22.42.54.22,37.646,14.937,0.82,1.7
09/12/03,17.31.43.59,37.742,15.053,3.45,2.1
04/04/23,19.24.04.88,37.741,15.056,3.01,2.1
07/01/22,12.32.13.83,37.689,15.06,-0.09,3.3
08/05/12,00.57.36.50,37.759,15.1,4.28,1.2
06/12/17,21.39.24.61,37.802,15.035,0.3,1.9
08/06/24,02.09.41.83,37.736,15.077,4.82,1.0
02/04/12,04.24.43.60,37.745,15.065,5.91,1.5
06/06/28,17.26.46.55,37.752,15.006,2.37,1.4
07/15/19,09.16.26.47,37.813,15.065,-0.67,2.3
05/07/09,18.50.11.11,37.694,14.975,2.76,3.0
04/06/29,04.56.29.76,37.717,15.107,6.46,1.6
10/02/30,21.14.42.43,37.735,15.057,3.,2.5
07/01/18,00.20.59.24,37.706,15.011,-0.34,3.0
07/01/13,13.43.15.06,37.715,15.019,2.56,2.6
07/01/13,05.59.13.04,37.721,15.018,2.3,2.6
04/10/03,03.15.56.72,37.802,15.03,0.11,1.9
07/06/29,22.08.23.60,37.746,15.062,3.08,1.3
08/12/19,08.54.07.25,37.815,15.12,2.2,1.7
07/09/21,13.06.59.55,37.668,15.13,-1.2,1.5
04/07/19,23.53.19.56,37.687,15.105,4.09,1.3
07/14/01,02.11.08.99,37.738,15.07,2.,1.0
11/01/04,22.11.39.87,37.725,15.08,5.3,1.5
07/06/08,10.08.42.02,37.751,15.006,1.69,2.3
08/06/10,23.15.13.51,37.679,14.946,0.24,1.5
04/04/01,15.37.37.72,37.745,15.046,3.07,1.7
12/16/31,22.04.08.17,37.716,15.015,4.9,1.3
07/09/21,07.23.21.27,37.682,15.116,2.04,1.3
02/08/14,22.58.08.24,37.811,15.098,-0.25,2.8
11/02/24,06.55.55.56,37.686,15.081,4.13,2.7
04/07/29,20.53.52.02,37.727,15.103,4.32,2.3
02/16/21,02.30.18.06,37.660,15.093,3.59,1.5
10/07/11,16.31.14.69,37.732,15.051,4.36,1.4
08/05/17,10.34.02.37,37.693,15.141,6.28,1.6
07/01/16,01.25.37.09,37.713,15.006,-1.58,3.0
09/16/29,07.07.09.40,37.728,15.116,6.92,1.6
05/08/17,12.37.36.92,37.745,15.068,1.17,1.2
09/16/25,12.14.21.68,37.745,15.110,3.86,1.8
09/06/23,05.47.22.49,37.72,15.083,2.37,1.1
02/04/10,19.23.01.21,37.808,15.103,2.21,2.6
03/04/11,20.42.33.97,37.731,15.09,4.81,1.0
05/08/06,04.20.08.42,37.815,15.046,0.25,1.9
11/02/01,01.29.51.55,37.796,15.039,3.8,2.5
07/07/03,19.49.06.11,37.715,14.915,5.96,1.8
09/14/23,04.09.29.79,37.808,15.047,0.38,1.2
11/07/20,23.46.12.85,37.71,15.064,0.75,1.1
10/02/27,02.42.11.80,37.813,15.097,2.12,3.4
07/01/23,10.54.42.29,37.647,15.107,0.27,2.6
08/03/09,06.32.53.14,37.737,15.095,5.95,2.0
04/16/01,07.52.24.84,37.741,15.046,8.41,1.3
06/06/12,12.41.17.61,37.675,15.077,3.76,2.0
10/16/12,01.19.56.35,37.720,15.013,3.11,1.6
07/11/05,13.58.00.12,37.756,15.002,1.67,1.6
10/10/03,09.35.44.99,37.756,15.005,1.41,1.5
11/02/04,10.52.35.59,37.75,15.063,2.12,3.0
04/01/28,12.41.13.85,37.727,15.03,4.79,2.7
06/05/09,07.53.19.53,37.686,15.089,3.95,2.0
09/09/15,01.33.03.27,37.734,15.064,6.58,1.3
05/08/14,04.31.37.69,37.746,15.046,0.22,1.4
12/12/04,16.26.26.57,37.673,15.15,1.1,1.8
08/12/12,04.50.28.37,37.811,15.098,1.52,2.9
10/07/09,03.22.09.50,37.667,15.044,4.85,1.8
03/16/11,00.47.01.14,37.715,15.079,3.95,0.9
07/01/13,18.04.27.78,37.693,14.958,-0.01,2.6
03/12/06,05.32.05.52,37.658,14.849,1.97,2.3
02/07/19,03.07.16.78,37.71,15.067,2.98,2.2
07/01/13,04.49.45.34,37.707,15.042,1.2,2.6
04/16/27,01.20.13.61,37.720,15.161,1.13,1.6
02/16/25,14.49.56.43,37.691,15.132,5.21,1.8
07/02/08,09.52.53.22,37.648,15.06,2.08,2.8
03/12/02,23.54.27.54,37.762,15.104,6.22,1.4
07/01/17,02.40.08.27,37.713,15.008,-1.16,3.4
05/08/16,04.55.23.65,37.732,15.072,0.95,1.4
03/04/04,19.39.30.18,37.705,15.07,3.68,1.4
11/02/07,09.03.18.34,37.691,15.125,1.75,2.3
05/09/16,11.57.27.17,37.72,15.147,1.05,1.9
11/05/05,03.11.36.09,37.654,15.057,3.98,1.6
05/05/05,18.53.04.48,37.639,15.123,0.01,2.4
07/15/17,12.11.34.77,37.804,15.033,-1.56,1.8
06/08/09,07.51.04.75,37.641,15.123,2.62,1.7
07/09/23,23.56.20.47,37.698,15.093,1.36,1.5
11/16/14,21.02.49.34,37.688,14.966,3.36,1.6
07/04/09,23.21.27.50,37.689,15.077,5.27,2.1
08/10/07,05.12.57.34,37.76,15.087,3.36,1.1
07/01/13,07.30.38.54,37.707,15.017,2.34,2.4
04/07/19,22.10.34.05,37.8,14.828,7.96,2.8
11/09/21,00.25.59.34,37.74,15.045,2.29,1.2
11/02/03,05.36.02.90,37.731,15.052,2.64,2.5
04/06/10,07.50.21.23,37.718,15.066,3.49,1.7
05/06/28,13.07.59.47,37.734,15.076,3.09,1.7
09/08/29,01.46.30.68,37.724,15.118,5.75,2.2
10/16/25,18.59.29.85,37.683,14.925,0.06,1.8
03/01/12,12.22.28.61,37.746,14.994,0.85,2.5
07/01/15,08.56.52.56,37.725,15.004,0.23,2.6
08/12/19,06.39.38.39,37.815,15.123,2.43,2.0
04/08/09,12.13.49.19,37.81,15.068,-0.27,1.2
10/02/29,08.34.33.76,37.811,15.125,3.04,2.9
12/03/20,02.57.38.23,37.735,15.082,6.04,2.6
08/09/11,18.40.13.31,37.682,15.111,2.11,2.0
03/08/09,03.27.40.56,37.643,15.051,0.88,2.2
07/01/15,21.22.27.25,37.719,14.998,-1.59,2.8
05/04/16,04.00.05.53,37.793,15.155,8.61,2.0
09/16/25,19.49.11.91,37.721,15.148,1.7,0.9
10/16/05,09.21.35.10,37.735,15.054,3.4,1.7
10/02/27,00.36.09.69,37.75,15.013,0.98,3.1
08/09/27,13.19.34.53,37.753,15.006,1.4,1.5
09/16/25,08.42.40.78,37.754,15.114,5.76,3.1
07/01/14,05.13.12.43,37.702,14.95,-1.22,2.4
10/16/03,19.24.46.06,37.749,15.085,5.38,1.0
10/12/08,19.08.36.38,37.719,14.991,0.33,1.4
06/16/02,12.51.13.03,37.742,15.089,4.72,1.7
11/12/08,08.50.38.41,37.746,15.024,-0.08,1.1
01/01/09,04.31.39.45,37.702,15.073,4.05,3.1
07/06/29,22.23.20.89,37.746,15.07,3.04,1.5
08/12/24,09.50.58.51,37.748,15.001,0.77,1.3
11/12/12,04.43.48.07,37.715,15.015,3.44,1.5
12/11/24,12.31.17.09,37.808,15.102,2.08,1.7
10/06/13,19.46.35.59,37.739,15.09,5.89,1.5
09/16/25,17.38.18.90,37.752,15.118,4.31,1.5
07/09/02,19.30.16.43,37.752,15.006,1.03,1.7
07/01/13,08.29.52.25,37.712,15.037,1.15,2.9
08/05/14,22.02.25.51,37.812,15.088,1.08,3.0
08/03/13,05.11.50.63,37.742,15.067,4.98,2.3
03/10/19,23.10.24.46,37.704,15.021,2.26,1.2
09/02/09,06.30.09.78,37.747,15.063,5.37,2.3
01/04/19,05.58.14.98,37.752,15.088,6.7,1.5
04/15/20,01.07.42.82,37.806,15.113,0.11,3.6
03/09/28,01.15.12.38,37.76,15.105,4.69,1.3
09/16/25,11.18.52.23,37.757,15.122,4.25,1.4
11/02/01,15.32.03.08,37.771,15.01,2.48,3.1
10/12/03,22.11.39.28,37.735,14.925,5.35,2.2
02/10/23,18.38.09.49,37.663,14.908,1.44,1.8
11/12/26,00.54.41.22,37.75,14.918,9.46,1.6
04/15/16,12.17.38.39,37.741,15.064,5.59,2.1
03/00/23,12.24.38.87,37.667,14.957,3.8,2.1
08/02/31,21.18.51.15,37.702,14.982,9.17,3.0
08/10/22,01.08.38.73,37.756,15.005,1.25,1.5
04/10/02,21.28.39.53,37.807,15.061,-0.41,2.5
07/09/22,07.00.04.71,37.689,15.102,2.24,1.6
07/01/13,22.36.29.27,37.748,15.067,3.45,2.0
11/05/13,14.41.15.58,37.676,15.04,3.68,1.7
07/01/13,00.19.50.83,37.722,15.011,0.63,2.5
05/13/04,00.37.22.00,37.699,15.044,2.01,1.4
10/16/18,02.51.29.05,37.641,15.052,5.4,1.7
11/12/27,23.45.25.20,37.726,15.125,6.23,1.2
08/01/28,18.21.38.28,37.701,14.986,1.64,1.4
03/04/08,01.07.24.61,37.69,15.073,5.53,1.7
09/06/29,07.03.36.64,37.744,15.06,5.32,1.5
09/04/28,20.40.43.49,37.754,15.104,8.12,1.6
02/07/19,10.05.54.30,37.708,15.064,3.56,2.0
07/01/13,12.33.26.44,37.693,15.03,-0.52,2.7
11/02/24,13.56.23.78,37.692,15.081,3.8,2.7
01/16/26,00.36.09.41,37.687,15.089,4.29,1.0
08/16/26,14.50.26.14,37.753,15.023,3.6,1.3
08/04/11,10.42.09.98,37.746,15.048,2.3,1.6
07/03/01,08.31.22.99,37.71,15.077,4.95,2.3
06/05/23,02.43.54.88,37.723,15.069,2.98,1.3
10/05/13,19.19.35.95,37.761,15.079,4.62,2.5
08/06/25,05.23.11.46,37.752,15.097,6.02,1.5
11/10/15,21.34.23.28,37.699,14.975,0.82,1.2
09/00/06,12.34.22.34,37.714,15.05,4.21,2.0
12/02/01,01.28.51.97,37.709,15.061,3.88,2.2
10/02/27,00.32.38.93,37.729,14.996,1.97,2.9
02/01/24,01.14.13.84,37.677,14.926,-0.39,2.9
11/07/18,12.37.11.77,37.699,15.085,3.92,1.2
01/11/07,04.13.55.61,37.746,15.046,3.94,1.1
12/09/13,03.36.30.24,37.809,15.047,-0.13,1.8
02/16/25,17.03.05.69,37.686,15.136,7.26,1.7
02/06/28,18.31.30.38,37.734,15.072,3.59,1.4
07/07/04,04.40.25.59,37.712,14.897,7.67,1.6
05/07/28,01.21.42.20,37.759,14.822,3.48,1.8
12/16/08,12.52.10.16,37.805,15.050,-1.56,1.4
08/04/19,04.46.27.87,37.728,15.099,6.84,1.9
05/12/12,10.13.23.72,37.744,15.052,4.3,1.6
03/09/25,22.55.54.33,37.726,15.098,5.4,1.4
06/12/28,02.42.25.64,37.719,15.1,5.88,2.2
06/14/06,21.51.04.65,37.799,15.223,5.52,1.2
08/07/23,03.08.10.01,37.715,15.066,3.36,1.0
07/01/13,04.18.54.30,37.706,14.946,-1.58,2.3
01/02/01,13.16.08.49,37.75,14.998,-0.39,1.8
10/15/06,21.59.22.68,37.735,15.052,3.71,1.3
04/08/25,00.13.26.41,37.677,15.036,6.95,1.2
09/07/10,01.02.22.35,37.673,15.083,2.35,1.6
08/05/24,12.52.14.81,37.719,15.1,6.35,1.3
04/01/08,21.08.48.59,37.724,14.966,5.85,2.7
04/06/29,04.52.20.82,37.718,15.109,7.01,1.7
05/10/18,19.44.35.31,37.756,15.004,2.03,0.9
06/12/19,04.28.43.33,37.736,15.118,9.39,2.0
05/10/02,01.56.23.13,37.761,15.132,6.1,1.4
07/01/15,13.37.53.95,37.718,14.996,0.38,2.5
03/09/14,12.04.50.66,37.728,15.096,5.06,2.9
10/06/05,21.41.05.36,37.745,15.048,1.9,1.1
08/09/15,15.28.05.43,37.683,14.928,-0.14,2.0
01/05/13,13.10.58.25,37.727,15.097,4.36,1.4
09/15/30,14.48.02.81,37.812,15.056,-0.29,0.6
06/07/16,06.44.49.68,37.799,15.041,0.29,2.0
09/12/23,06.09.47.85,37.724,15.012,1.12,1.3
08/02/16,06.31.16.71,37.747,15.006,0.08,1.5
03/09/14,09.43.03.13,37.728,15.111,6.91,1.5
12/02/24,13.32.06.07,37.805,15.047,0.37,2.5
01/16/26,22.51.49.87,37.797,15.023,0.19,1.1
06/12/27,21.58.22.84,37.722,15.09,5.53,3.1
07/01/15,21.03.50.90,37.69,15.061,0.11,2.9
09/16/25,12.13.31.00,37.752,15.132,6.51,1.4
10/02/29,16.39.46.78,37.666,15.138,0.22,4.0
01/10/16,03.54.10.24,37.743,15.056,4.25,1.5
10/02/27,07.32.06.20,37.782,15.021,4.73,3.2
04/06/20,18.56.24.55,37.74,15.084,3.41,1.9
09/04/10,22.58.33.31,37.715,15.077,3.37,1.3
04/03/02,17.15.31.17,37.789,15.089,3.97,1.8
01/04/01,04.39.23.54,37.687,15.05,6.32,2.3
05/07/26,05.16.42.04,37.773,14.801,6.65,2.2
07/01/13,22.34.30.80,37.704,15.049,0.87,2.5
04/10/10,12.22.30.05,37.681,15.046,7.08,1.9
07/04/07,03.28.17.67,37.748,15.056,3.75,1.6
04/10/23,14.20.15.60,37.738,15.051,3.85,1.6
10/13/17,22.10.18.75,37.749,14.996,0.08,1.1
07/01/13,03.33.49.79,37.717,15.013,0.23,2.4
12/08/16,02.32.01.30,37.687,14.956,8.75,2.7
02/06/19,08.39.34.91,37.757,15.111,9.16,2.1
12/15/08,09.28.29.85,37.803,15.045,1.26,3.7
10/16/01,20.32.28.84,37.729,15.100,4.78,1.1
07/01/14,07.38.14.92,37.692,15.051,0.57,3.4
05/04/15,18.35.36.02,37.798,15.057,-0.59,2.1
07/01/12,22.51.33.89,37.705,15.028,1.22,2.4
06/07/11,01.20.27.08,37.677,15.101,5.87,1.2
06/06/15,09.14.07.41,37.621,15.169,1.47,2.7
03/16/20,22.02.27.66,37.803,15.045,0.35,1.4
09/07/20,00.48.42.23,37.65,15.146,2.22,1.5
07/01/14,17.57.41.64,37.713,15.017,1.65,2.3
08/06/29,07.01.13.37,37.824,15.129,-1.58,3.2
11/12/26,17.56.34.36,37.821,15.069,0.38,1.7
02/07/10,03.25.51.31,37.731,15.108,5.47,1.1
08/09/30,00.07.40.14,37.752,15.067,4.36,1.3
03/03/09,08.32.58.39,37.682,15.107,4.98,2.7
07/01/14,08.57.33.00,37.707,15.035,0.37,3.3
08/05/06,12.33.52.83,37.616,14.905,5.8,2.6
07/01/13,12.15.40.24,37.711,14.935,1.69,1.8
07/01/17,13.40.19.25,37.709,15.006,-1.43,3.3
07/01/14,01.55.08.91,37.722,15.018,1.6,1.4
02/07/08,19.58.22.48,37.605,14.997,4.03,1.8
07/01/13,00.47.39.06,37.718,15.016,3.84,2.2
11/11/17,17.46.16.23,37.74,15.062,3.88,1.0
04/10/03,00.05.12.69,37.801,15.038,0.12,3.5
08/16/28,03.44.58.94,37.800,15.038,-0.03,1.2
09/07/27,13.19.19.97,37.714,15.076,2.06,1.8
11/07/11,23.13.37.38,37.709,15.024,2.15,1.2
04/07/30,21.58.13.50,37.694,15.082,3.58,1.2
08/00/04,16.52.58.92,37.719,15.043,1.49,1.7
05/12/20,12.19.25.29,37.798,15.061,0.17,1.2
06/12/27,22.38.57.70,37.724,15.089,5.07,3.2
04/01/25,19.43.56.24,37.735,15.043,4.59,1.6
05/08/13,10.07.47.72,37.771,15.005,-0.66,3.2
08/12/24,17.07.44.35,37.805,15.037,-0.39,1.8
04/04/06,07.48.55.05,37.698,15.071,3.91,2.4
05/10/16,23.45.40.63,37.743,15.058,3.32,1.5
10/12/06,11.03.24.22,37.742,15.045,4.54,3.0
04/01/14,00.33.59.69,37.717,15.005,4.23,1.5
06/01/23,15.08.18.28,37.704,15.072,1.96,2.0
05/08/25,20.56.42.87,37.693,15.107,1.15,2.0
07/01/17,19.13.25.01,37.71,15.065,2.62,2.6
02/01/14,16.53.43.72,37.716,15.006,4.15,1.6
12/15/18,11.01.43.92,37.800,15.026,0.26,1.3
06/11/14,15.25.27.48,37.755,14.991,2.95,1.6
10/05/24,04.20.55.63,37.69,15.076,1.62,1.6
12/03/20,03.02.19.11,37.73,15.086,5.48,1.7
07/10/11,13.50.39.82,37.833,15.122,2.1,1.9
06/04/25,04.09.30.58,37.747,15.103,7.75,1.6
06/12/14,02.40.31.66,37.744,15.052,4.42,1.8
07/15/25,20.01.22.23,37.667,15.151,3.55,1.4
06/11/19,02.32.46.88,37.742,15.009,1.8,1.5
04/01/23,22.26.42.76,37.738,14.959,6.74,2.8
07/03/25,00.23.43.03,37.734,15.091,5.27,2.4
12/12/04,15.39.23.69,37.655,15.155,1.42,2.0
01/14/24,03.22.05.94,37.696,14.982,2.9,1.8
07/01/13,07.49.13.33,37.697,15.063,2.44,2.6
02/10/08,05.19.37.44,37.704,15.109,5.9,1.9
05/09/27,19.37.03.39,37.734,15.118,0.01,2.6
10/02/29,10.04.41.27,37.673,15.112,2.05,3.1
05/16/18,00.10.03.27,37.759,14.999,0.78,1.9
01/07/27,06.31.00.40,37.722,15.09,4.66,1.2
07/06/28,20.55.42.47,37.738,15.096,4.38,1.0
07/01/13,00.07.28.17,37.715,15.016,1.12,2.5
10/16/08,19.46.32.84,37.641,14.994,-0.59,2.0
10/10/04,09.55.56.61,37.74,14.998,1.61,1.2
11/00/07,06.41.07.98,37.731,15.034,4.07,1.6
12/14/08,01.37.03.11,37.813,15.065,-1.57,1.4
06/06/14,02.48.59.77,37.741,15.052,4.77,1.0
07/01/14,10.02.32.60,37.727,15.013,2.51,2.3
04/10/28,01.45.46.51,37.678,15.089,2.62,2.1
03/01/04,18.48.00.57,37.728,15.016,1.47,1.8
11/02/19,08.41.30.70,37.806,15.085,0.11,2.6
07/01/15,18.49.53.83,37.691,15.004,0.53,2.8
07/01/14,08.54.08.75,37.709,15.042,1.36,3.5
07/03/17,10.06.16.11,37.813,15.115,2.41,2.2
04/09/03,15.49.27.14,37.799,15.04,-0.1,1.4
05/08/05,10.53.35.67,37.827,15.059,-1.28,1.9
02/15/28,08.15.34.48,37.675,15.109,5.32,1.3
02/04/10,19.59.38.28,37.806,15.092,0.03,2.9
07/01/12,23.06.55.95,37.719,15.024,0.81,2.7
07/02/10,19.01.04.95,37.642,15.068,4.38,2.6
10/15/09,00.35.29.54,37.728,15.115,6.59,2.9
10/09/25,02.06.57.25,37.794,15.054,1.92,1.8
01/09/02,12.21.12.48,37.584,15.048,9.12,1.9
08/07/05,10.07.50.19,37.728,15.05,3.25,1.5
04/08/29,03.33.13.49,37.631,15.02,-0.6,1.2
03/05/12,18.54.53.52,37.747,15.,1.03,2.5
07/10/01,11.01.41.51,37.725,15.07,5.1,1.6
02/10/04,19.35.38.82,37.751,15.005,1.71,1.4
02/04/15,02.02.03.56,37.739,15.089,5.87,2.0
06/10/03,19.18.27.54,37.733,15.092,3.62,1.3
07/16/04,17.35.36.16,37.825,15.115,-0.31,1.9
08/05/10,10.59.55.86,37.753,15.04,5.81,1.4
07/01/16,13.57.09.29,37.709,15.015,-1.53,3.2
05/10/22,04.23.44.27,37.637,14.977,9.25,1.9
11/07/03,18.53.46.92,37.754,15.079,6.25,1.7
02/10/04,23.34.30.81,37.757,15.008,1.91,1.2
11/05/10,02.40.23.36,37.627,14.894,5.81,2.3
03/12/15,05.33.21.52,37.693,15.072,2.28,2.4
09/05/08,07.23.43.26,37.726,15.076,1.8,1.0
07/03/08,22.26.44.94,37.71,15.099,5.71,2.0
09/10/03,01.56.39.50,37.74,15.085,5.7,2.3
07/04/14,11.11.18.21,37.747,15.1,5.89,1.6
08/01/30,16.18.05.24,37.657,15.092,2.37,2.9
11/02/03,05.35.14.27,37.733,15.046,1.87,2.1
05/07/10,01.46.08.59,37.69,14.98,3.78,1.7
10/10/03,09.41.58.92,37.753,15.008,1.17,1.3
05/01/30,03.27.44.49,37.679,15.057,5.49,2.4
05/06/01,14.26.49.39,37.669,15.167,3.23,2.2
10/10/23,22.18.02.80,37.753,15.008,1.47,1.4
12/14/23,21.37.31.64,37.752,15.08,2.07,0.9
07/09/01,01.23.08.66,37.669,15.139,0.1,3.0
05/05/03,21.26.36.79,37.682,15.166,3.29,2.1
08/06/15,09.48.09.43,37.747,15.05,3.51,1.5
08/06/22,07.31.52.71,37.731,15.147,7.96,2.2
07/01/15,16.46.12.62,37.714,15.003,-1.4,2.3
10/10/06,00.24.36.26,37.814,15.118,0.9,2.6
07/01/13,03.45.13.54,37.708,15.043,1.23,2.7
10/02/26,22.17.57.22,37.749,14.985,1.76,2.3
07/01/13,02.34.09.70,37.704,15.043,1.2,2.6
02/07/19,21.25.22.66,37.709,15.069,3.79,1.6
08/15/17,02.18.26.41,37.746,15.048,2.37,1.2
08/04/28,04.46.04.49,37.742,15.059,4.33,1.2
07/03/08,04.09.05.65,37.693,15.077,4.35,1.6
07/01/13,02.32.06.02,37.704,15.038,1.02,2.4
02/16/25,14.42.12.49,37.688,15.134,7.14,2.6
04/07/14,16.01.03.74,37.741,15.077,4.16,1.2
06/02/15,00.41.42.30,37.689,15.084,4.61,2.2
07/01/12,23.10.25.63,37.717,15.022,0.93,2.6
07/06/28,20.50.08.67,37.725,15.104,1.94,1.2
03/16/20,22.04.07.26,37.804,15.044,0.41,1.5
08/12/13,01.28.54.36,37.649,15.063,7.49,1.9
07/03/30,15.42.24.68,37.698,15.097,6.35,2.2
10/02/29,10.17.37.50,37.749,15.134,2.55,2.5
04/10/23,23.07.54.74,37.707,15.134,2.75,1.8
10/14/07,22.12.54.87,37.808,15.059,-0.28,1.3
03/09/25,22.25.24.60,37.726,15.095,5.34,2.5
09/04/19,21.56.16.18,37.752,15.121,5.77,1.6
05/08/13,13.55.11.84,37.772,15.001,0.12,2.4
11/16/01,13.56.38.06,37.621,14.964,1.22,1.5
02/02/28,01.11.19.19,37.737,15.116,4.27,1.9
09/08/28,06.48.40.49,37.648,14.95,5.14,1.6
11/12/01,07.51.56.84,37.771,15.175,8.71,1.6
05/12/30,13.25.41.15,37.687,15.105,8.14,1.5
10/02/29,09.56.49.59,37.685,15.113,1.73,2.0
04/08/19,01.34.45.16,37.727,15.078,5.42,1.5
10/04/15,15.50.08.56,37.689,15.093,5.42,1.8
12/06/08,03.37.54.85,37.693,15.119,6.08,1.4
07/04/22,02.11.27.45,37.705,15.082,2.79,3.4
04/04/14,10.01.48.17,37.738,15.074,3.62,1.9
06/05/19,14.21.20.66,37.729,15.096,5.2,1.5
07/01/14,02.09.32.05,37.712,15.035,2.16,2.0
02/11/27,23.25.58.16,37.723,15.138,8.77,2.1
10/02/27,15.51.07.70,37.827,15.066,2.38,3.0
07/10/15,19.55.22.65,37.752,15.094,6.02,1.3
04/10/26,05.37.34.53,37.8,15.04,0.18,1.3
09/03/11,03.30.44.59,37.736,15.088,4.51,1.5
05/05/29,04.30.13.72,37.708,15.145,2.03,2.0
12/10/25,03.10.54.44,37.696,15.064,3.46,1.3
02/15/28,08.12.47.19,37.673,15.111,5.09,1.4
07/04/22,01.40.58.97,37.735,15.076,5.85,1.4
12/13/11,22.48.18.44,37.806,15.223,9.81,1.5
09/08/19,20.40.33.14,37.684,15.036,4.59,1.0
01/04/15,21.04.39.56,37.725,15.074,4.8,1.2
01/05/21,13.43.00.06,37.716,15.135,1.87,3.0
10/12/14,03.50.12.31,37.714,14.907,3.07,1.4
05/10/03,00.03.18.42,37.726,15.088,4.12,1.1
07/01/13,12.33.42.78,37.708,15.052,0.28,3.1
09/08/25,01.33.45.26,37.742,15.157,7.64,1.9
07/13/31,21.02.40.43,37.738,15.147,8.59,2.5
11/12/10,15.50.03.45,37.739,15.047,4.37,1.3
07/01/13,00.02.07.21,37.744,15.004,1.89,1.6
10/15/30,18.01.05.92,37.659,15.098,8.68,2.1
08/05/07,20.15.31.16,37.736,15.088,6.78,1.4
10/16/23,21.39.03.81,37.741,15.071,3.55,1.2
04/06/03,16.05.04.05,37.681,15.062,8.73,2.4
03/09/14,09.40.00.57,37.733,15.092,4.99,2.0
06/03/12,16.10.35.98,37.682,15.068,3.83,1.5
04/10/30,20.35.34.96,37.742,15.05,3.83,1.5
10/02/29,11.20.06.39,37.708,15.068,1.74,1.9
07/09/16,20.58.23.08,37.664,15.058,2.99,1.6
08/01/21,09.20.57.35,37.709,15.079,3.97,2.7
03/15/04,12.30.55.63,37.744,15.111,7.88,2.7
03/06/04,16.45.32.69,37.728,15.073,4.4,1.6
09/09/03,20.22.05.85,37.803,15.049,-0.49,1.9
03/12/15,05.51.32.10,37.694,15.073,2.24,2.2
11/02/11,20.04.23.42,37.796,15.044,3.88,2.7
02/06/26,23.24.39.09,37.75,15.041,2.35,1.2
08/06/03,19.16.14.23,37.754,15.109,6.82,1.4
12/10/30,22.20.16.08,37.683,15.037,4.03,1.4
03/16/09,21.27.39.33,37.736,15.103,3.7,0.8
08/12/27,21.47.27.13,37.688,14.935,0.,1.4
08/03/22,23.21.34.10,37.802,15.057,3.82,2.5
11/02/24,08.45.46.61,37.79,15.091,1.21,2.6
07/09/18,15.17.10.60,37.805,15.074,-1.59,2.4
05/08/13,08.39.45.08,37.751,15.01,1.22,1.2
11/07/02,20.19.54.30,37.753,15.088,6.53,1.8
07/01/16,15.09.15.35,37.709,15.089,3.79,2.9
07/15/16,05.19.13.61,37.756,15.034,3.81,1.3
09/10/02,18.49.42.75,37.734,15.07,2.49,1.1
07/01/13,06.47.46.79,37.711,15.021,1.97,2.4
04/02/09,13.39.24.08,37.718,15.068,4.,2.4
02/06/23,03.37.27.25,37.737,15.066,4.,1.7
08/05/14,21.56.48.58,37.815,15.104,2.29,3.0
10/15/06,22.25.08.98,37.810,15.050,-0.17,1.2
05/08/13,11.19.53.16,37.769,15.001,-0.43,2.3
07/11/08,21.29.22.46,37.715,15.106,4.96,1.8
03/06/13,15.32.31.34,37.729,15.094,3.69,1.5
03/01/03,07.57.27.34,37.74,15.046,4.55,1.8
09/16/25,11.51.27.77,37.742,15.106,4.81,2.2
07/09/14,00.28.53.29,37.755,15.008,1.49,1.2
05/09/16,11.19.09.31,37.717,15.148,-0.54,2.3
08/07/20,01.12.35.52,37.731,15.117,6.12,1.7
04/14/21,21.42.24.53,37.638,15.061,0.22,2.1
02/01/21,15.55.31.85,37.734,15.038,3.35,2.1
03/12/25,21.10.45.73,37.698,15.105,6.8,2.7
02/02/18,05.22.46.68,37.699,14.969,0.43,1.5
03/03/09,08.28.48.07,37.678,15.106,5.31,2.5
05/02/12,17.25.33.48,37.714,15.065,3.08,2.1
05/07/14,22.54.46.40,37.638,14.95,1.93,1.9
03/04/10,02.20.00.44,37.705,15.089,3.96,0.9
01/13/19,13.18.09.67,37.736,14.986,0.25,1.3
05/08/19,23.20.57.03,37.751,15.06,2.39,2.0
08/09/25,14.26.32.06,37.813,15.12,1.14,2.0
02/08/02,02.53.54.73,37.677,15.086,4.16,2.3
01/08/10,05.57.04.41,37.749,14.992,-0.2,1.2
09/06/30,17.45.28.60,37.691,15.083,9.,1.3
06/04/06,22.29.35.98,37.718,15.074,4.39,1.5
04/06/15,18.16.39.63,37.737,15.084,3.48,1.3
07/01/13,03.34.57.31,37.724,15.01,0.4,2.6
09/13/11,16.44.15.84,37.646,14.928,4.26,1.4
04/04/11,22.06.44.47,37.749,15.079,5.8,1.9
09/10/13,20.38.00.95,37.754,15.008,1.51,1.1
12/15/25,16.16.28.30,37.732,15.106,7.11,1.5
07/01/13,14.12.30.92,37.709,15.017,2.19,2.7
07/01/13,03.28.53.12,37.71,15.015,1.09,2.5
03/03/09,08.00.05.63,37.683,15.106,5.83,2.3
05/14/11,05.53.30.25,37.669,15.108,2.12,1.2
10/05/28,13.59.05.49,37.702,15.071,5.,3.0
09/04/01,00.26.35.13,37.689,15.074,3.34,1.5
07/10/01,10.54.00.96,37.74,15.044,1.44,1.6
09/16/25,10.19.13.06,37.748,15.115,4.32,1.3
07/06/05,01.20.36.83,37.763,15.064,4.11,1.2
07/04/26,14.57.15.87,37.736,15.052,2.94,1.9
05/04/20,15.24.55.91,37.75,15.013,0.36,1.7
01/01/03,11.45.10.14,37.74,15.059,3.66,2.1
11/02/02,17.09.54.81,37.691,15.097,2.03,2.8
11/15/12,09.53.50.23,37.744,15.125,1.53,0.9
08/06/14,13.31.45.45,37.732,15.08,4.29,1.4
09/16/25,22.38.51.55,37.758,15.116,5.04,1.4
07/11/05,18.11.43.92,37.75,15.002,1.08,1.6
10/10/06,02.44.17.06,37.804,15.108,1.78,2.2
05/04/20,05.37.59.68,37.743,15.066,5.99,1.9
04/04/22,03.20.52.54,37.743,15.072,3.74,1.5
02/06/19,06.06.53.85,37.735,15.074,5.49,1.5
03/15/25,04.25.38.73,37.7,15.041,7.22,1.2
07/01/13,03.26.11.32,37.715,15.013,0.71,2.8
09/05/24,00.51.02.94,37.682,15.087,4.95,1.7
12/04/28,04.59.59.62,37.723,15.076,1.72,1.3
11/07/03,01.33.50.06,37.698,15.124,4.33,1.5
07/01/12,23.22.03.65,37.717,15.024,-0.23,2.3
08/01/21,06.08.26.45,37.709,15.07,3.49,2.4
07/04/22,02.25.37.47,37.703,15.075,3.69,1.4
11/08/23,17.41.58.37,37.692,15.078,3.78,1.4
09/16/27,05.10.27.30,37.753,15.130,7.34,1.2
04/16/14,12.58.29.84,37.721,15.140,1.35,1.8
06/06/22,03.06.52.55,37.7,14.998,2.78,1.0
11/12/26,18.22.37.45,37.822,15.068,0.2,1.7
09/12/21,15.46.29.82,37.69,14.936,0.01,2.2
04/16/03,03.26.07.60,37.732,15.050,3.83,1.1
05/07/11,14.13.03.87,37.747,15.065,2.86,1.5
07/09/06,21.49.22.83,37.694,15.131,6.93,1.6
09/03/22,21.01.57.68,37.742,15.073,4.53,1.4
10/02/27,01.04.01.99,37.745,15.01,3.66,2.8
08/06/28,03.24.05.35,37.742,15.057,4.51,1.1
05/07/10,20.01.47.43,37.695,14.979,3.52,1.6
03/12/01,08.32.44.66,37.731,15.1,6.41,1.7
09/01/25,19.58.42.26,37.748,14.998,-0.04,2.1
11/02/03,13.44.11.93,37.709,15.145,1.85,2.3
06/06/22,19.41.34.96,37.753,14.998,2.37,1.9
05/05/26,17.20.54.53,37.741,15.083,3.87,1.8
03/06/11,01.57.41.87,37.727,15.093,5.19,1.6
07/04/30,23.51.20.99,37.736,15.062,2.73,1.5
09/10/14,01.22.25.95,37.753,15.123,7.09,1.3
06/02/14,23.32.07.61,37.702,15.057,1.77,2.4
05/08/17,20.01.51.91,37.718,15.077,1.09,2.4
07/16/30,07.09.43.12,37.736,15.092,4.15,1.3
07/01/14,09.06.50.76,37.706,15.039,1.26,2.6
03/06/24,15.41.09.26,37.724,15.096,3.76,1.2
07/01/20,22.51.54.88,37.688,15.052,-0.56,3.1
02/06/25,00.36.55.24,37.726,15.088,2.99,1.2
07/01/13,00.42.30.98,37.742,15.005,0.71,2.6
01/16/17,18.48.07.03,37.761,15.116,4.64,1.6
10/02/27,01.23.48.66,37.76,15.01,0.59,3.0
02/10/04,23.21.01.30,37.753,15.004,2.07,1.5
06/03/13,11.35.22.70,37.808,15.062,1.5,2.5
12/12/29,17.33.02.74,37.747,15.002,0.29,1.5
01/04/27,15.48.25.06,37.689,14.972,4.57,2.2
10/02/29,10.18.48.51,37.748,15.093,4.92,2.1
11/12/08,02.47.19.00,37.731,15.011,-1.57,1.0
07/01/13,00.35.01.43,37.714,15.022,1.5,2.4
08/04/23,03.48.25.26,37.749,15.077,5.1,1.7
08/12/12,02.19.02.25,37.813,15.114,1.2,2.8
11/00/14,06.30.57.41,37.714,15.014,2.09,1.5
08/06/30,13.38.19.28,37.752,15.003,2.06,2.0
07/13/11,07.31.13.53,37.691,15.079,1.07,2.0
09/09/29,18.26.55.11,37.739,15.078,4.25,1.2
03/11/22,04.52.11.89,37.72,15.084,5.31,1.3
04/10/17,03.35.42.88,37.742,15.111,1.83,1.2
03/15/04,12.57.04.32,37.744,15.115,8.19,1.1
06/11/10,12.20.53.52,37.747,15.007,2.71,1.2
01/16/22,03.52.48.62,37.765,15.113,4.78,1.1
10/15/28,01.07.17.82,37.695,14.989,1.73,1.2
04/06/28,09.44.32.29,37.747,15.002,-0.01,1.5
11/07/15,14.39.01.82,37.805,15.059,-1.54,1.9
11/00/20,02.01.09.05,37.688,14.952,-0.11,2.0
07/01/16,12.49.07.31,37.699,15.029,-0.05,2.8
07/01/12,23.09.35.21,37.711,15.022,2.12,2.6
11/03/18,19.46.52.36,37.747,15.048,3.79,1.2
04/08/05,02.40.29.85,37.769,15.079,7.44,2.2
07/01/13,04.46.01.02,37.731,14.999,0.75,3.1
02/06/28,09.38.03.92,37.751,15.011,1.86,1.6
08/06/28,05.15.45.34,37.733,15.076,4.8,1.2
04/03/15,19.04.10.17,37.705,15.062,3.8,2.7
02/11/02,20.44.08.70,37.737,15.081,0.42,1.6
04/16/27,17.49.06.87,37.719,15.147,2.24,2.4
06/06/16,15.10.21.68,37.735,15.089,0.36,2.3
06/09/14,21.47.43.57,37.638,15.16,-1.6,2.4
01/08/07,14.16.16.94,37.719,14.953,5.45,2.4
10/09/30,18.05.12.68,37.769,15.107,3.24,1.3
10/02/31,22.37.49.67,37.713,15.132,3.43,2.5
05/12/03,22.47.16.88,37.74,15.052,5.96,2.6
07/01/13,00.21.48.52,37.744,15.013,0.06,2.2
02/13/14,14.51.11.70,37.757,15.008,1.49,2.1
07/09/22,08.14.54.30,37.801,15.041,-0.28,1.5
02/06/23,01.32.35.36,37.733,15.068,3.72,2.1
08/12/31,09.51.32.66,37.692,15.107,3.62,1.0
07/01/13,01.36.45.34,37.711,15.042,1.42,2.9
03/16/08,23.15.34.98,37.753,15.003,1.29,1.0
02/12/17,18.49.52.80,37.689,14.956,2.66,1.5
05/08/18,17.14.12.68,37.744,15.032,2.28,1.2
07/01/13,16.24.14.94,37.705,15.058,-0.12,2.6
06/12/28,08.18.51.37,37.72,15.102,6.23,3.0
07/01/14,12.50.28.08,37.726,15.013,2.65,2.8
05/04/17,23.09.58.57,37.675,15.122,7.63,2.8
06/06/15,23.29.25.52,37.745,15.072,4.83,1.9
05/08/13,09.44.49.93,37.764,15.,0.41,2.4
07/01/14,06.44.46.65,37.715,14.954,-0.55,2.7
12/16/27,13.10.17.21,37.732,15.049,4.33,1.7
03/07/06,03.39.39.06,37.635,14.954,4.03,1.5
07/01/16,16.14.40.80,37.707,15.007,-1.58,2.9
10/15/14,02.12.04.35,37.808,15.063,0.6,2.2
04/05/25,02.34.51.45,37.787,15.109,-0.04,2.5
11/13/28,06.06.02.51,37.64,14.959,5.76,2.4
10/02/29,09.13.13.28,37.68,15.101,2.48,2.8
06/03/11,17.37.38.38,37.691,15.078,4.67,2.0
03/03/09,08.25.36.27,37.678,15.11,6.11,2.5
04/06/17,04.06.46.01,37.724,15.088,2.36,1.2
07/12/11,19.20.31.34,37.81,15.064,-1.35,1.7
08/14/21,05.49.06.57,37.704,15.052,5.78,1.1
08/07/08,15.31.51.32,37.77,15.071,4.02,1.5
05/00/27,11.19.02.61,37.685,15.06,4.42,2.9
01/01/09,02.51.14.98,37.705,15.07,3.92,2.5
11/10/20,17.09.13.18,37.729,15.147,9.39,2.0
10/12/15,17.54.24.43,37.637,14.954,1.29,1.9
07/01/13,23.00.31.09,37.723,15.015,1.97,2.6
06/07/30,22.29.14.47,37.704,15.028,5.03,1.7
10/07/25,18.27.00.86,37.734,15.046,1.4,1.4
04/10/14,12.11.16.05,37.801,15.034,-1.58,1.6
01/07/14,00.45.21.07,37.685,15.104,4.92,1.5
10/11/09,06.30.05.55,37.737,15.068,3.77,1.1
07/05/29,05.14.16.92,37.69,14.995,9.58,1.9
06/12/27,22.11.46.04,37.717,15.101,5.78,2.9
06/04/30,01.29.45.61,37.756,15.031,3.62,1.3
09/00/21,17.51.25.21,37.746,15.118,8.35,3.1
01/04/15,19.53.23.43,37.719,15.07,4.54,2.8
07/05/18,18.46.31.67,37.668,15.102,6.94,1.9
03/02/24,23.54.49.53,37.719,15.064,4.2,2.0
12/00/03,11.28.28.74,37.71,14.999,4.03,1.7
12/15/23,17.06.55.02,37.801,15.042,-0.18,1.2
03/02/24,23.05.35.20,37.721,15.067,4.09,3.1
07/01/13,00.42.04.63,37.713,15.041,-0.16,2.6
05/13/21,01.17.37.12,37.708,15.103,5.97,1.4
10/02/27,01.37.11.50,37.759,15.018,3.33,2.6
10/08/07,14.40.29.26,37.734,15.081,4.17,1.2
02/06/24,05.16.25.00,37.734,15.068,3.89,1.7
01/01/09,02.51.51.09,37.702,15.071,3.59,2.8
11/02/19,06.43.28.18,37.799,15.1,0.19,3.0
07/01/14,00.06.05.50,37.724,14.947,-1.59,2.7
07/06/13,13.53.19.57,37.717,15.073,4.61,1.3
07/03/08,04.06.25.25,37.694,15.074,4.12,2.5
06/04/29,23.48.08.51,37.751,15.068,6.11,1.9
07/01/13,04.56.16.75,37.727,14.998,0.29,3.1
07/15/15,16.29.49.73,37.664,15.037,4.82,2.8
12/10/02,12.25.32.71,37.804,15.063,0.28,1.7
07/01/16,02.44.09.09,37.714,15.014,-0.57,3.1
05/11/04,00.27.28.87,37.743,15.048,4.27,1.0
09/15/30,15.25.36.95,37.810,15.060,0.48,0.9
03/14/12,01.04.35.12,37.693,15.089,5.99,1.4
08/12/12,05.04.35.22,37.807,15.089,2.59,3.0
11/07/03,18.10.02.33,37.749,15.088,5.8,1.5
06/05/21,22.39.04.33,37.738,15.08,3.75,0.9
10/06/03,07.21.30.16,37.809,15.048,0.18,1.6
10/16/04,00.39.20.97,37.741,15.140,6.81,1.4
03/03/05,08.09.53.05,37.688,15.074,4.47,2.2
03/16/24,23.19.27.36,37.732,15.042,1.95,1.0
03/09/25,22.21.08.57,37.73,15.093,3.5,2.7
03/07/10,04.03.39.73,37.736,15.059,4.71,1.5
10/02/27,05.46.45.86,37.776,15.022,2.95,3.4
10/01/31,23.43.59.37,37.655,15.147,3.66,2.8
12/13/11,15.14.31.71,37.748,15.001,0.05,1.1
12/15/24,21.07.49.88,37.8,15.035,-1.45,1.0
05/08/13,09.04.06.73,37.755,15.001,0.37,1.5
07/04/22,02.04.28.93,37.702,15.078,4.72,1.8
02/06/23,01.25.49.82,37.73,15.062,4.43,1.3
08/03/22,23.18.43.09,37.8,15.051,1.89,2.8
05/06/04,23.14.35.60,37.722,15.059,2.72,1.2
10/10/25,03.54.44.51,37.756,15.007,1.49,1.6
11/02/01,06.38.29.22,37.731,15.11,4.27,2.1
11/09/02,00.53.51.09,37.799,15.018,2.86,1.4
07/01/13,00.27.04.01,37.712,15.019,1.46,2.3
06/06/30,10.25.36.97,37.756,15.003,2.5,1.3
06/07/18,04.09.21.02,37.737,15.063,8.35,1.9
04/10/01,05.45.52.54,37.754,15.003,1.15,2.4
02/06/13,12.38.25.30,37.752,15.092,6.13,1.7
12/03/21,02.07.50.75,37.736,15.047,3.57,2.1
10/12/13,11.10.45.37,37.742,14.992,0.09,1.3
02/08/11,05.29.47.28,37.669,15.196,0.,1.5
03/01/24,08.01.25.82,37.734,15.002,3.54,2.3
04/06/29,06.20.02.43,37.723,15.105,6.68,2.2
02/01/21,12.32.59.37,37.734,15.038,3.44,1.9
02/06/23,03.36.48.53,37.733,15.067,5.05,2.2
05/09/18,14.12.45.80,37.726,15.144,0.14,2.6
01/08/27,16.07.23.04,37.712,15.09,4.08,1.0
11/15/10,14.04.57.18,37.812,15.056,-1.03,1.4
05/08/20,16.07.52.61,37.686,15.13,1.2,1.2
01/13/19,13.17.39.80,37.741,14.988,0.36,1.1
04/05/28,19.34.32.83,37.733,15.082,0.88,1.4
03/12/05,03.10.20.10,37.728,15.052,3.85,1.7
04/10/05,11.14.10.13,37.704,15.132,0.35,2.1
10/02/27,01.34.25.62,37.761,15.015,0.,2.4
10/04/07,12.26.39.49,37.749,15.076,7.1,2.2
07/01/16,19.26.43.91,37.727,15.015,-0.74,3.0
07/12/24,02.12.20.32,37.745,15.08,6.03,1.8
05/04/17,23.41.36.77,37.674,15.118,6.5,1.7
11/02/19,10.42.03.84,37.66,15.155,4.21,2.6
04/05/19,01.33.03.09,37.727,15.159,1.52,2.3
12/14/27,23.47.16.29,37.828,15.055,0.56,1.6
05/04/08,02.09.37.59,37.753,15.008,1.43,2.2
05/09/09,14.37.08.36,37.683,15.041,5.23,1.9
07/01/13,04.20.53.40,37.693,15.037,-1.56,2.3
06/10/14,02.17.19.91,37.691,14.958,0.15,1.5
03/14/24,19.18.31.28,37.739,15.068,3.63,1.0
09/16/20,02.38.47.74,37.752,14.979,2.1,1.0
03/01/25,06.28.34.47,37.725,15.007,1.63,1.7
09/06/29,12.16.59.97,37.793,15.059,2.05,1.6
06/09/09,17.21.25.50,37.667,15.081,2.94,1.1
06/13/17,19.54.14.79,37.743,15.1,4.23,1.3
03/05/14,21.13.38.96,37.681,14.965,5.1,1.9
05/08/01,21.05.47.73,37.802,15.041,0.42,3.3
03/04/11,20.34.33.72,37.725,15.096,4.,1.3
07/06/04,19.11.35.41,37.75,15.056,3.4,1.3
04/05/20,12.04.26.16,37.744,15.066,5.19,1.9
05/08/08,20.54.43.58,37.72,15.09,4.06,1.2
03/01/27,02.33.07.92,37.698,14.949,-0.2,2.1
07/01/12,22.48.32.05,37.713,15.026,2.54,2.1
06/08/29,18.24.38.70,37.739,15.127,-0.44,2.1
06/11/23,16.51.51.14,37.749,15.012,0.68,1.2
08/10/10,19.55.51.20,37.804,15.049,0.73,1.4
05/13/23,13.04.48.78,37.696,15.089,3.85,3.3
09/16/10,03.13.27.76,37.746,15.053,5.59,1.5
10/08/14,04.27.09.60,37.809,15.125,-0.39,2.6
12/12/14,11.21.20.24,37.709,15.13,3.86,1.2
03/02/25,00.15.19.49,37.72,15.067,4.,2.4
09/00/04,06.49.23.76,37.515,15.016,9.92,1.6
12/14/03,13.32.47.13,37.737,15.065,4.79,1.6
08/06/13,22.00.23.23,37.73,15.084,5.39,1.3
07/04/18,02.41.01.58,37.677,15.136,2.14,1.8
09/09/14,18.01.43.16,37.796,15.036,0.92,1.3
03/04/03,17.29.26.35,37.808,15.07,1.31,2.4
11/15/10,02.41.31.66,37.806,15.056,0.13,2.5
05/16/30,01.10.54.61,37.743,15.000,-1.46,0.8
02/01/23,08.42.16.95,37.74,15.035,3.77,2.2
07/01/14,13.01.12.23,37.727,15.018,1.72,2.7
07/01/13,04.06.45.70,37.715,15.01,1.47,2.5
06/06/24,04.40.22.93,37.756,15.023,4.44,1.4
08/05/08,19.56.50.69,37.749,14.99,0.42,1.3
07/01/15,08.42.02.12,37.706,15.017,1.8,2.4
07/04/22,02.08.52.69,37.704,15.08,3.76,3.3
06/04/02,02.59.23.60,37.817,15.048,-0.38,2.2
10/10/25,03.57.37.10,37.753,15.008,0.89,1.3
06/06/01,02.34.45.94,37.679,15.113,3.72,1.3
04/10/20,16.18.46.54,37.802,15.045,-0.33,1.7
12/08/24,09.47.03.92,37.742,15.05,2.38,1.4
05/04/18,05.40.50.15,37.682,15.103,3.63,2.5
09/11/16,17.16.50.40,37.794,15.182,8.5,1.2
06/04/23,17.42.33.16,37.741,15.05,3.65,1.3
04/01/24,07.54.19.83,37.738,14.959,6.52,2.8
08/09/09,11.00.31.18,37.69,15.159,1.8,1.9
10/03/22,12.46.56.45,37.683,15.113,6.76,2.9
03/09/25,22.22.19.91,37.727,15.093,4.35,2.1
11/02/25,01.38.09.90,37.711,15.059,2.38,1.3
10/06/13,19.44.29.17,37.732,15.095,5.9,2.6
09/10/21,08.27.55.55,37.753,15.008,1.67,1.9
07/01/13,13.10.58.27,37.718,14.98,1.4,2.4
07/14/11,15.56.31.90,37.632,15.047,7.42,2.6
05/08/13,11.04.10.14,37.767,15.003,0.68,2.3
11/02/02,23.08.16.54,37.73,15.047,2.91,2.5
09/16/25,04.54.28.56,37.757,15.114,4.24,1.5
05/13/24,02.47.00.69,37.723,15.079,4.41,3.0
05/08/13,08.56.45.41,37.751,15.005,0.39,1.0
09/11/14,00.57.53.43,37.742,15.132,9.94,1.2
11/12/01,02.44.40.95,37.739,15.132,9.34,1.6
02/08/14,09.47.13.94,37.741,15.093,4.56,1.2
12/12/23,08.33.04.27,37.754,15.007,1.32,1.9
09/16/25,12.54.22.77,37.760,15.114,6.69,2.4
10/14/19,03.17.32.74,37.696,14.972,3.44,1.3
07/01/19,12.17.05.57,37.713,15.069,3.57,2.5
07/01/14,04.27.47.78,37.693,14.979,2.01,2.4
05/16/08,20.17.46.93,37.637,14.960,0.14,2.2
02/06/23,01.18.39.72,37.732,15.061,4.81,2.3
03/04/13,14.17.26.08,37.657,15.135,9.38,2.7
08/05/14,14.14.29.54,37.72,15.08,5.43,1.2
07/01/15,23.13.26.64,37.717,15.014,-1.32,2.7
02/14/22,03.54.43.08,37.748,15.157,9.94,1.7
10/04/23,22.58.42.21,37.703,15.058,1.42,1.8
02/13/21,00.20.26.70,37.729,15.068,3.71,1.9
01/01/25,06.32.12.87,37.7,15.068,3.72,2.3
09/10/21,08.29.04.34,37.753,15.007,1.56,1.7
02/08/04,18.32.29.85,37.747,15.093,6.82,1.9
03/01/19,13.24.56.87,37.747,14.998,2.28,2.1
06/06/07,09.50.36.68,37.736,15.054,4.4,1.9
09/13/22,00.37.45.79,37.72,14.941,3.91,1.2
11/00/29,10.47.20.22,37.796,15.063,-0.18,2.6
11/00/14,14.26.23.64,37.694,14.971,-0.09,2.3
07/01/14,06.57.00.81,37.716,15.018,2.57,2.5
02/07/19,20.08.33.34,37.705,15.074,3.89,1.2
11/08/13,22.55.37.17,37.711,14.917,0.33,1.6
06/06/14,09.48.48.66,37.752,15.031,3.82,1.3
01/04/15,19.57.18.70,37.719,15.068,4.88,1.7
07/04/26,15.02.36.83,37.735,15.055,2.83,1.7
09/15/29,19.37.30.32,37.686,15.041,5.56,1.9
12/12/27,11.59.26.98,37.732,15.081,5.32,1.3
07/01/12,23.26.18.06,37.712,15.007,0.91,2.5
07/01/13,23.46.26.03,37.699,15.015,1.71,2.6
07/11/08,08.21.33.50,37.756,15.002,2.08,1.5
12/03/20,02.50.57.47,37.735,15.085,5.85,2.6
05/16/04,07.44.51.23,37.753,15.008,0.93,1.5
07/11/04,07.27.40.03,37.754,15.009,1.33,1.5
03/04/06,00.45.17.04,37.686,15.084,5.15,2.4
04/15/02,00.18.27.24,37.756,15.107,6.82,0.9
11/05/02,08.55.27.12,37.693,15.084,4.71,1.8
06/04/30,04.33.36.51,37.747,15.072,5.46,1.5
09/16/25,08.46.39.29,37.753,15.119,6.36,1.4
04/13/15,17.31.20.80,37.736,14.866,4.34,1.2
01/06/28,09.02.30.63,37.748,14.839,2.86,2.1
02/07/19,21.13.14.93,37.713,15.064,4.43,1.4
07/01/13,04.05.34.77,37.734,15.001,4.34,2.6
09/09/26,13.46.14.31,37.739,15.077,4.46,2.2
06/11/14,15.19.50.20,37.753,15.007,1.33,1.7
10/05/21,04.58.43.91,37.674,15.073,3.06,2.2
12/11/25,11.35.16.46,37.678,15.091,6.4,2.0
02/13/18,18.57.01.72,37.737,15.057,4.14,1.7
12/14/19,20.08.13.36,37.803,15.04,0.38,1.0
07/06/15,00.47.42.60,37.744,15.01,1.31,1.7
02/04/10,20.29.18.33,37.809,15.096,2.1,2.9
02/05/05,14.36.00.76,37.668,15.088,3.74,2.6
07/10/22,06.35.52.85,37.753,15.009,1.54,1.2
08/05/25,23.10.20.85,37.728,15.073,5.61,1.7
03/06/08,17.36.00.17,37.705,15.098,2.36,1.9
10/02/29,02.35.29.27,37.82,15.094,3.36,2.8
12/03/21,00.22.43.59,37.736,15.083,5.95,1.7
10/12/14,05.41.10.10,37.75,15.003,1.26,1.4
01/05/10,22.10.51.75,37.739,15.101,6.36,1.5
01/04/15,21.04.50.56,37.726,15.077,4.55,1.5
09/10/30,03.18.11.97,37.752,15.006,1.41,1.9
07/01/13,23.39.34.52,37.712,15.02,2.04,2.7
06/04/01,19.49.23.65,37.814,15.046,-0.32,1.9
11/10/17,05.53.26.85,37.738,15.074,4.46,2.5
01/07/07,00.15.12.57,37.734,15.051,4.34,1.6
08/06/27,23.56.05.70,37.68,15.088,1.28,1.5
07/01/15,14.43.57.61,37.722,15.003,-0.73,2.4
11/02/21,11.26.03.76,37.742,15.068,3.69,2.0
11/05/19,01.25.57.21,37.746,15.095,6.28,1.5
02/14/26,01.26.00.42,37.761,15.165,7.75,1.5
02/06/14,17.52.56.23,37.722,15.075,1.83,1.0
09/09/26,13.29.44.11,37.743,15.066,4.73,1.5
07/01/14,11.33.41.99,37.715,15.019,2.49,2.4
02/08/08,02.16.49.36,37.736,15.105,6.16,2.4
04/08/30,22.25.14.27,37.75,15.039,5.16,1.3
10/10/10,19.25.50.21,37.751,15.01,0.8,1.4
10/16/09,21.38.29.13,37.619,15.287,5.76,2.1
02/08/09,15.31.41.32,37.677,15.04,8.41,1.4
09/00/06,13.08.56.69,37.718,15.05,5.07,2.2
02/08/08,03.35.40.09,37.738,15.104,4.82,1.4
11/11/06,12.18.28.57,37.777,15.063,3.14,1.0
02/07/10,22.32.08.96,37.732,15.055,3.97,1.3
04/03/01,13.26.45.59,37.797,15.044,3.76,3.1
03/12/15,05.52.14.22,37.694,15.073,1.24,1.8
02/01/23,14.15.43.69,37.751,15.01,1.85,1.5
01/08/22,06.46.50.32,37.698,15.069,4.43,1.5
01/13/04,08.11.45.21,37.877,14.725,9.62,2.5
05/10/25,03.46.24.48,37.743,15.058,4.16,1.5
07/01/15,08.41.09.97,37.703,15.018,0.88,2.4
07/06/04,03.48.26.38,37.74,15.05,4.44,1.5
12/15/08,09.56.00.20,37.803,15.041,1.11,1.7
04/02/12,19.59.18.28,37.812,15.083,-0.57,3.0
05/09/24,00.06.25.19,37.739,15.086,3.79,1.4
05/07/08,06.23.00.75,37.669,15.115,6.95,2.0
09/10/19,01.17.57.53,37.756,15.001,1.18,1.1
07/13/31,20.23.10.13,37.741,15.148,7.47,2.4
02/03/13,09.14.46.82,37.817,15.095,1.54,2.8
07/10/22,02.27.51.61,37.753,15.007,1.36,1.4
09/09/05,15.44.10.60,37.632,15.056,2.29,1.8
03/13/03,15.36.05.73,37.741,15.061,4.87,2.2
03/05/18,03.19.47.04,37.672,15.112,5.75,2.0
05/03/07,01.20.32.28,37.734,15.092,5.89,1.8
08/07/23,00.12.33.17,37.724,15.09,5.12,1.2
02/15/28,08.12.13.20,37.675,15.109,4.95,1.7
09/12/24,02.23.15.92,37.751,15.004,1.47,1.5
02/06/26,22.55.43.10,37.746,15.054,2.25,1.1
12/05/03,02.37.59.68,37.73,15.078,6.62,1.3
03/08/24,02.45.44.91,37.737,15.079,5.51,2.1
06/10/18,19.55.41.48,37.754,15.006,1.14,1.4
09/16/25,09.21.13.61,37.747,15.107,5.81,2.6
05/04/31,19.13.36.31,37.748,15.005,0.22,1.5
07/02/10,03.58.06.07,37.747,15.007,1.77,1.9
05/04/01,11.25.27.50,37.805,15.096,9.8,2.3
08/11/13,22.27.05.06,37.744,15.055,2.24,1.6
02/10/05,15.39.17.68,37.805,15.07,-0.22,2.3
06/05/11,02.24.45.34,37.723,15.094,1.37,1.2
10/02/27,00.16.45.19,37.758,15.005,1.11,2.7
08/13/13,10.41.42.41,37.784,15.026,0.33,1.0
11/14/23,10.04.06.92,37.737,15.087,4.69,1.2
10/02/27,00.26.29.64,37.749,15.01,0.1,2.5
12/15/02,06.53.21.27,37.678,14.934,0.05,1.2
10/05/21,23.03.31.91,37.691,15.074,3.36,2.0
07/01/13,01.26.56.60,37.707,15.044,1.32,2.5
06/04/01,10.14.10.28,37.805,15.047,-0.09,3.0
04/08/29,10.04.42.43,37.814,15.064,-0.68,1.6
05/14/11,05.38.57.50,37.674,15.113,3.68,1.7
04/10/03,00.02.31.89,37.8,15.048,-0.35,2.6
07/04/22,02.04.08.94,37.702,15.079,4.56,1.5
05/04/16,23.56.31.61,37.742,15.07,3.76,1.2
12/15/29,15.30.59.36,37.804,15.048,-1.53,1.5
07/12/24,02.09.38.31,37.745,15.079,6.07,1.2
12/15/22,10.00.31.41,37.723,15.099,6.05,2.0
02/01/05,14.47.22.75,37.731,15.038,4.15,1.9
12/01/03,17.35.13.78,37.745,15.033,3.9,2.6
10/06/01,08.50.13.62,37.686,15.087,4.44,1.7
02/10/26,16.34.07.25,37.754,15.008,1.67,1.7
09/15/03,12.45.12.95,37.649,15.189,9.04,1.9
07/01/14,04.41.43.77,37.716,14.961,3.79,2.9
11/16/03,04.09.47.57,37.735,15.167,8.05,1.4
08/16/22,18.38.01.21,37.748,15.002,-1.28,1.5
07/01/15,16.08.30.65,37.718,15.005,-1.25,2.5
09/16/25,18.56.14.42,37.753,15.110,3.39,1.3
03/06/09,23.48.31.41,37.737,15.062,2.22,1.6
07/01/14,08.55.51.30,37.71,15.04,2.03,2.5
09/16/25,09.55.16.52,37.756,15.123,7.18,1.4
05/08/13,21.28.27.14,37.809,15.058,-0.19,2.8
10/12/03,03.19.05.75,37.734,15.067,5.45,1.4
10/02/27,01.42.21.94,37.77,15.023,1.18,2.7
10/07/01,23.33.00.52,37.646,15.143,-0.01,1.5
05/08/13,09.52.17.43,37.768,14.998,0.16,2.3
07/01/13,18.53.02.78,37.739,15.082,5.36,2.5
04/08/09,04.14.35.95,37.727,15.126,8.41,2.9
04/10/11,21.05.07.86,37.802,15.036,-0.46,2.4
02/00/14,17.40.44.46,37.668,14.967,3.18,2.8
06/11/18,17.44.48.29,37.754,14.996,-1.23,1.4
08/08/21,18.32.30.18,37.701,15.068,1.52,1.5
07/07/07,10.52.18.00,37.675,15.143,0.29,1.3
05/05/03,13.36.01.85,37.673,15.076,3.37,1.8
01/16/09,21.29.33.92,37.778,15.108,2.,1.2
03/12/17,05.37.29.40,37.659,14.952,2.85,1.4
06/06/12,06.09.21.53,37.731,15.079,5.02,1.5
03/03/09,08.55.21.89,37.677,15.111,6.45,2.2
12/08/22,23.57.07.30,37.8,15.052,0.25,2.7
11/09/13,10.38.17.55,37.75,15.007,1.51,1.1
09/08/30,20.04.21.34,37.726,15.111,6.23,2.1
03/06/18,02.34.05.73,37.716,15.048,2.11,1.3
12/15/29,21.27.23.56,37.797,15.022,0.16,1.0
07/09/05,06.17.23.54,37.679,15.128,6.81,2.0
02/13/18,18.59.09.64,37.735,15.051,3.5,1.7
08/03/04,16.20.45.55,37.732,15.083,4.8,2.5
09/05/06,12.25.29.38,37.557,15.06,0.49,1.8
03/03/25,03.57.14.22,37.808,15.116,3.02,2.6
03/04/26,20.44.14.06,37.726,15.116,8.09,1.7
10/05/27,14.04.18.08,37.74,15.066,3.87,2.0
06/04/14,17.10.29.69,37.736,15.121,9.25,3.0
09/16/25,05.56.45.47,37.753,15.116,4.72,1.3
08/07/01,23.38.16.62,37.669,15.145,1.65,3.3
04/10/18,20.41.03.68,37.673,15.09,1.87,1.5
11/07/17,16.16.45.64,37.623,14.935,3.99,1.7
07/06/15,02.27.05.68,37.751,15.004,1.61,1.9
11/10/17,05.54.18.21,37.739,15.071,4.91,1.7
07/01/12,23.14.13.86,37.713,15.039,0.56,2.4
10/02/31,12.24.16.89,37.709,15.063,2.56,1.5
05/07/08,21.29.26.74,37.736,15.046,3.02,1.5
09/15/22,01.17.55.88,37.804,15.049,0.41,1.5
05/08/13,13.26.49.09,37.771,15.003,-0.96,2.9
02/04/15,02.02.57.83,37.74,15.091,6.62,1.5
04/13/12,21.51.29.58,37.738,15.062,1.29,1.2
11/04/21,14.38.52.50,37.745,14.994,-0.56,2.0
03/03/25,13.12.53.34,37.694,15.091,5.44,2.1
11/02/24,14.53.02.50,37.692,15.074,4.27,2.8
04/01/20,17.17.02.91,37.7,15.015,2.37,2.0
04/16/13,01.51.22.50,37.727,15.053,3.66,1.0
06/09/12,10.36.45.71,37.68,15.083,3.55,1.7
11/16/14,13.06.54.63,37.745,14.999,0.15,1.3
10/02/26,23.22.29.56,37.757,15.002,0.71,2.7
12/15/07,19.12.19.92,37.807,15.051,0.02,2.7
11/16/24,17.40.50.85,37.741,14.995,0.34,1.1
02/02/03,16.35.52.69,37.706,15.047,2.74,1.4
10/05/30,05.42.12.23,37.645,15.045,5.88,3.2
11/09/19,14.56.22.05,37.751,15.004,1.57,2.0
01/01/15,20.09.19.76,37.746,15.067,4.43,2.0
08/05/12,01.26.16.14,37.759,15.098,4.6,1.2
04/15/06,02.45.03.19,37.746,15.053,0.37,1.0
02/13/18,18.56.05.94,37.731,15.069,3.66,2.1
11/12/23,05.06.37.01,37.741,15.032,3.66,1.4
07/01/15,06.48.45.05,37.714,14.948,-0.17,2.5
08/06/28,03.25.46.92,37.728,15.075,5.06,1.3
03/09/14,09.33.30.84,37.731,15.103,4.36,2.0
05/09/24,22.05.06.60,37.758,15.132,0.04,1.7
02/01/20,22.43.23.15,37.727,15.009,2.92,2.2
06/04/23,21.32.22.75,37.752,15.005,1.2,2.1
09/16/07,19.43.07.09,37.746,15.103,3.08,1.2
07/01/12,23.39.54.36,37.737,15.013,1.29,2.3
07/01/13,00.24.03.02,37.712,15.021,2.43,2.2
06/08/29,01.38.27.56,37.746,15.107,2.28,1.7
02/01/10,06.11.40.11,37.722,15.007,4.2,1.8
01/15/28,06.16.42.51,37.817,15.04,-1.57,1.8
12/05/30,14.29.42.03,37.724,15.097,3.92,1.3
12/14/09,19.37.41.40,37.711,15.074,3.37,1.6
07/01/13,12.48.44.01,37.701,15.055,-0.38,2.8
08/06/28,03.44.15.62,37.727,15.078,4.4,1.0
07/04/24,01.31.06.63,37.807,15.103,1.73,2.0
10/00/10,05.17.58.32,37.749,15.078,4.61,2.0
07/10/01,05.44.31.73,37.584,14.937,1.59,1.6
06/06/08,22.06.46.63,37.659,15.143,-1.58,2.8
08/07/15,16.00.08.14,37.735,15.057,7.18,1.1
11/02/17,09.56.18.18,37.731,15.051,2.41,2.9
02/08/15,09.34.35.67,37.809,15.107,-0.33,3.2
07/04/22,02.52.15.94,37.702,15.079,4.71,1.5
02/01/10,04.04.52.44,37.719,15.007,4.21,1.7
06/08/09,04.10.02.37,37.641,15.142,1.66,1.5
02/08/15,11.27.54.58,37.813,15.091,-1.58,2.9
07/01/12,23.28.07.12,37.728,15.021,0.9,2.3
03/06/10,16.20.57.41,37.706,15.038,4.64,1.5
11/07/17,17.41.47.57,37.743,15.044,3.61,1.5
07/01/15,06.02.12.28,37.701,15.027,-0.19,2.2
07/01/13,01.30.52.31,37.706,15.044,1.31,2.8
11/00/12,20.32.37.77,37.73,14.974,5.24,2.7
10/10/30,14.37.49.21,37.738,15.105,4.19,1.7
09/12/21,08.21.43.84,37.684,14.942,0.08,2.1
11/12/01,07.44.46.61,37.786,15.161,6.18,2.1
06/09/05,14.55.47.59,37.643,14.949,2.61,2.1
02/08/14,21.19.10.31,37.809,15.092,-0.12,2.0
09/16/25,06.02.01.36,37.755,15.116,5.22,1.2
07/01/16,09.24.34.01,37.71,15.014,-1.01,3.1
05/04/17,21.52.25.46,37.678,15.111,6.89,2.9
04/10/15,18.46.59.91,37.758,15.031,4.28,1.4
07/07/04,04.12.41.30,37.715,14.91,6.84,1.8
07/06/08,10.12.21.80,37.747,15.012,0.88,1.1
11/09/11,15.03.30.27,37.667,15.096,2.23,2.2
02/04/03,02.25.15.08,37.722,15.071,4.61,1.5
09/16/25,10.41.15.10,37.759,15.123,3.44,1.7
11/12/02,08.50.56.12,37.753,15.004,2.1,1.5
02/06/19,07.43.44.25,37.759,15.129,8.39,2.2
10/13/10,17.49.21.84,37.684,15.043,5.88,1.4
10/10/25,21.58.56.26,37.757,15.001,1.4,1.6
02/06/23,01.44.40.09,37.729,15.075,4.33,1.2
10/02/27,05.20.57.59,37.778,15.026,3.47,2.6
03/02/08,13.18.57.74,37.673,15.085,2.72,2.6
07/01/17,04.26.51.35,37.724,15.004,0.09,2.6
01/01/09,02.56.01.59,37.704,15.064,4.52,2.1
07/01/17,10.48.31.39,37.707,15.008,0.08,3.3
07/01/13,05.11.47.99,37.73,15.002,-0.11,3.3
10/02/29,10.02.09.31,37.743,15.111,6.77,3.0
12/05/22,00.42.37.58,37.685,15.128,1.07,1.8
11/02/03,00.22.30.08,37.723,15.118,5.3,2.3
07/01/13,18.07.10.84,37.686,14.964,0.19,2.6
09/06/05,11.27.48.85,37.824,15.073,-1.55,2.7
10/02/14,03.55.16.86,37.661,14.975,3.12,2.6
05/08/15,04.17.14.46,37.746,15.065,0.37,1.6
11/15/07,01.57.32.22,37.745,15.054,2.18,1.0
08/04/07,04.26.34.15,37.68,14.984,5.68,2.6
05/13/26,22.57.37.40,37.731,15.072,5.16,1.2
03/14/12,00.55.37.82,37.683,15.078,5.18,3.0
11/12/18,10.16.44.08,37.748,15.03,6.1,1.3
04/04/19,14.56.14.25,37.82,15.107,0.47,2.5
02/01/26,23.29.42.78,37.725,15.035,2.92,1.7
11/07/01,11.14.38.69,37.732,15.056,4.44,1.7
11/02/07,16.35.30.80,37.691,15.13,1.25,2.6
07/01/17,00.59.44.11,37.713,15.007,-1.33,3.4
10/03/15,05.48.15.55,37.724,15.075,4.4,2.7
08/07/27,17.20.09.93,37.661,15.142,0.15,2.3
04/02/13,08.59.52.26,37.719,15.066,3.41,3.0
10/16/19,11.51.17.56,37.817,15.057,1.37,0.9
09/12/30,15.15.54.94,37.743,15.034,2.28,1.2
10/10/25,04.00.44.58,37.754,15.007,1.47,1.6
05/08/08,21.06.00.78,37.713,15.084,4.92,1.5
05/04/26,02.04.25.62,37.712,15.07,4.96,2.5
04/06/29,05.25.30.38,37.71,15.125,6.17,1.7
05/04/22,11.53.34.84,37.714,15.071,4.14,1.2
10/05/21,03.33.12.84,37.675,15.073,3.04,1.8
10/13/12,10.35.05.54,37.728,15.131,7.04,1.5
10/12/03,11.02.42.96,37.804,15.051,-0.55,1.4
12/02/03,17.46.40.53,37.72,15.079,2.,1.8
04/03/05,19.45.26.58,37.808,15.129,3.14,2.1
05/06/13,10.18.07.23,37.632,14.942,2.26,2.1
12/04/01,03.04.46.62,37.744,15.085,3.82,1.6
09/12/25,00.56.19.70,37.734,15.079,6.42,1.8
05/12/18,04.52.22.22,37.746,15.053,4.01,1.7
12/09/03,10.17.28.89,37.723,15.097,7.36,1.6
06/08/26,13.54.47.22,37.738,15.118,1.59,2.3
10/06/05,21.35.15.20,37.74,15.038,3.17,1.7
10/03/08,13.27.01.58,37.659,14.967,7.06,2.5
11/16/28,04.50.47.52,37.759,15.020,2.94,1.4
03/01/23,10.27.39.01,37.73,15.091,4.73,2.0
10/11/09,01.33.19.72,37.743,15.071,3.77,1.2
06/05/15,20.41.49.39,37.739,15.049,3.79,1.4
10/10/25,04.20.10.45,37.75,15.005,1.47,1.3
08/05/14,21.45.04.18,37.808,15.101,2.83,3.0
11/12/19,09.20.01.83,37.757,14.999,2.21,1.6
03/02/25,08.21.32.31,37.716,15.066,3.82,2.7
05/12/11,02.27.56.09,37.749,15.062,2.16,1.3
11/04/23,09.42.21.33,37.72,15.139,8.2,2.0
07/04/15,03.20.40.55,37.757,15.083,6.12,2.3
12/12/24,04.45.00.80,37.724,15.006,3.12,1.2
04/02/04,11.25.10.70,37.715,15.064,3.49,2.9
07/09/05,01.20.24.82,37.728,15.093,2.55,2.2
07/01/17,10.08.17.73,37.712,15.002,-1.58,3.4
04/06/20,20.52.36.90,37.746,15.076,3.77,1.3
05/08/03,22.57.06.37,37.816,15.057,-0.38,1.7
07/01/15,06.52.24.97,37.715,15.022,1.91,1.9
08/05/24,06.34.08.18,37.754,15.178,9.13,2.3
06/03/06,21.35.42.40,37.751,15.099,6.52,2.0
04/05/24,03.02.23.22,37.743,15.118,0.82,1.7
03/16/24,23.44.31.99,37.734,15.043,4.01,1.4
08/12/12,05.21.30.30,37.806,15.104,1.72,1.4
03/08/31,14.43.12.63,37.668,15.143,0.07,1.6
08/04/15,10.52.33.35,37.699,15.078,5.2,2.5
04/10/02,20.19.50.01,37.805,15.066,0.34,2.0
09/11/21,15.19.48.23,37.682,14.96,9.82,1.9
10/06/13,18.38.39.08,37.728,15.095,5.81,2.3
03/07/24,07.20.21.54,37.708,15.078,2.81,1.4
02/10/04,23.07.11.19,37.754,15.,1.37,1.0
07/01/13,22.01.41.27,37.722,15.015,1.32,2.5
01/04/28,20.17.27.43,37.663,15.083,3.62,1.9
06/10/29,08.12.02.12,37.696,15.098,5.69,2.6
10/02/29,20.35.16.13,37.73,15.066,2.79,2.0
05/09/28,06.50.00.67,37.738,15.12,0.97,2.4
01/01/07,22.30.05.36,37.691,14.947,-0.44,2.5
06/08/18,02.21.07.92,37.73,15.106,5.34,2.1
07/09/01,01.22.38.90,37.661,15.14,0.,1.8
10/16/04,00.21.23.01,37.749,15.137,4.22,0.8
01/16/22,07.00.02.63,37.728,15.087,5.76,2.5
02/01/13,11.15.43.26,37.737,15.088,4.2,1.5
09/09/05,17.36.15.35,37.651,15.067,2.14,2.0
05/16/15,07.11.18.03,37.736,15.069,6.04,1.5
05/08/16,07.21.02.06,37.739,15.066,4.68,1.5
04/10/09,06.26.06.67,37.69,15.086,2.45,2.1
04/10/03,10.29.34.04,37.819,15.013,4.26,2.0
03/07/14,14.51.26.84,37.699,15.042,3.54,1.8
09/16/25,11.08.55.50,37.720,15.157,1.66,1.2
11/07/03,01.35.10.04,37.7,15.124,4.39,1.3
07/01/13,04.08.19.11,37.709,15.017,2.28,2.3
03/03/16,17.48.45.19,37.808,15.069,1.76,1.9
03/15/10,02.03.17.44,37.735,15.09,4.16,1.4
04/04/15,17.58.48.09,37.752,15.009,1.06,2.6
11/00/24,16.36.35.78,37.718,15.008,2.37,1.8
03/06/18,20.28.07.84,37.73,15.102,4.52,1.3
01/15/28,05.42.03.05,37.803,15.045,1.03,1.7
08/07/12,06.29.53.50,37.678,15.097,4.24,2.0
04/01/27,21.08.25.01,37.73,15.028,4.77,2.4
04/04/07,17.15.42.77,37.685,15.065,5.5,1.7
02/01/14,20.15.27.61,37.717,15.01,2.86,2.5
10/07/12,02.10.20.57,37.653,15.157,4.77,2.2
03/03/25,08.12.00.75,37.773,15.092,5.3,2.3
04/03/13,01.01.21.74,37.631,15.068,3.82,2.3
08/04/18,21.58.01.45,37.703,15.088,5.29,1.5
08/11/30,08.27.45.26,37.711,15.082,3.99,1.6
07/01/13,01.29.08.03,37.721,15.012,1.54,2.5
10/02/30,15.38.37.71,37.814,15.1,1.53,2.6
09/14/25,16.33.57.57,37.653,15.105,1.23,3.3
07/11/11,09.12.09.79,37.742,15.077,7.35,1.8
12/03/23,12.14.12.54,37.705,15.083,5.37,2.8
07/01/15,08.06.18.69,37.717,15.01,-1.39,3.1
12/15/08,10.53.54.13,37.802,15.043,1.5,3.2
05/08/09,19.34.49.47,37.748,15.039,2.26,1.3
03/13/05,00.48.24.25,37.743,15.052,3.79,1.6
10/06/09,02.02.28.84,37.747,15.045,1.19,1.3
02/08/02,17.18.09.24,37.813,15.114,-0.58,2.2
04/15/20,02.04.42.45,37.812,15.104,0.03,2.3
07/01/12,23.28.23.15,37.727,15.01,0.83,2.0
01/01/09,02.51.58.48,37.704,15.073,3.18,3.5
03/04/11,19.21.37.29,37.728,15.1,4.21,1.0
04/04/24,03.47.46.74,37.739,15.057,3.37,1.5
02/14/21,20.04.43.50,37.75,15.153,9.81,1.9
07/01/13,08.04.47.66,37.712,15.049,-1.57,2.8
10/15/28,22.14.42.83,37.755,15.061,3.84,1.0
01/11/28,13.31.12.33,37.728,15.097,0.41,2.1
07/16/22,10.53.28.76,37.683,15.131,7.4,1.8
10/12/11,20.04.40.93,37.755,15.005,1.74,1.0
06/13/30,12.45.20.59,37.61,14.985,3.62,2.0
03/16/20,03.31.50.30,37.747,15.098,3.93,1.3
07/01/13,08.11.32.74,37.691,14.98,0.42,2.6
05/08/22,22.48.49.08,37.653,15.013,3.82,1.2
08/12/24,17.45.21.03,37.731,15.097,3.94,1.3
12/15/23,20.28.33.28,37.699,14.977,3.45,1.0
07/01/13,04.34.41.25,37.722,15.003,0.45,2.9
04/04/24,03.51.03.99,37.74,15.056,3.76,2.0
04/05/23,09.00.50.79,37.781,15.102,-1.14,2.8
04/06/03,18.14.11.13,37.682,15.06,5.44,2.4
11/02/25,01.37.33.16,37.707,15.068,3.18,1.8
10/02/26,22.40.45.63,37.743,15.007,0.98,2.5
08/04/23,19.16.40.70,37.71,15.075,4.16,1.5
07/09/18,19.32.01.39,37.8,14.985,-0.18,1.4
07/01/13,00.31.55.22,37.74,15.009,0.94,2.6
05/09/27,23.57.37.12,37.746,15.045,2.87,1.4
10/03/15,05.45.19.72,37.722,15.079,4.47,2.5
10/07/02,20.41.23.01,37.655,14.977,2.68,2.8
11/02/04,00.10.36.39,37.806,15.11,0.26,2.6
04/10/18,17.35.13.86,37.757,15.058,4.1,1.3
02/06/24,21.58.13.65,37.697,15.094,2.33,1.9
08/06/23,05.37.41.15,37.73,15.093,8.52,1.5
11/15/08,19.38.32.35,37.793,15.04,0.11,1.3
04/05/25,06.20.13.13,37.74,15.125,0.33,1.7
03/03/09,08.31.31.85,37.68,15.107,6.01,2.2
06/02/15,09.21.49.87,37.702,15.061,2.62,1.8
09/04/02,01.57.42.06,37.729,15.064,4.15,1.4
10/16/03,08.18.54.24,37.751,15.110,7.19,2.9
10/02/29,10.34.58.18,37.69,15.101,2.54,2.9
07/09/06,18.12.32.25,37.725,15.092,5.21,1.2
03/04/28,21.34.03.22,37.715,15.07,3.26,1.5
03/04/21,18.37.41.75,37.744,15.041,3.89,1.7
01/10/11,22.55.43.27,37.76,15.091,7.49,2.6
07/01/13,03.09.44.80,37.706,15.047,-0.19,2.7
01/13/04,07.50.06.01,37.881,14.719,9.57,4.3
05/11/30,15.25.32.11,37.734,15.108,7.11,1.4
06/04/07,17.47.00.89,37.731,15.057,4.28,2.4
11/09/15,08.08.12.82,37.727,15.1,4.47,1.0
01/07/24,06.52.46.21,37.742,15.062,2.86,2.1
10/00/14,18.39.51.72,37.722,15.104,3.93,1.9
04/04/06,04.53.06.27,37.699,15.071,4.11,2.2
05/11/17,19.23.16.34,37.728,15.049,3.73,2.1
05/16/16,18.11.09.48,37.76,15.076,7.7,1.3
02/02/23,14.05.23.02,37.659,14.969,3.52,2.0
12/14/17,09.12.03.03,37.801,15.044,0.22,1.0
10/12/15,21.27.15.40,37.756,15.021,3.27,1.3
04/08/23,11.23.44.28,37.762,15.076,5.28,1.9
11/12/01,09.49.39.00,37.731,15.145,7.53,2.2
04/16/16,05.25.24.51,37.740,15.115,3.8,1.0
01/15/12,14.30.01.51,37.756,15.116,4.09,1.4
09/08/17,03.33.38.51,37.751,14.994,-0.04,1.7
07/01/13,03.42.22.88,37.718,15.019,2.14,2.5
09/15/30,14.58.30.24,37.803,15.054,0.19,1.5
08/05/14,21.09.04.47,37.81,15.097,2.13,2.7
11/05/29,21.01.17.12,37.679,15.096,3.68,1.6
07/01/13,02.47.05.96,37.71,15.019,2.01,2.4
09/09/06,11.16.47.28,37.637,15.071,2.36,1.7
03/11/06,11.58.26.31,37.734,15.116,7.24,2.0
02/10/12,05.03.50.74,37.738,15.078,3.35,1.2
07/01/16,13.45.12.94,37.712,15.009,-0.44,2.7
07/04/26,08.55.50.03,37.681,15.02,7.08,2.3
07/01/12,23.15.29.21,37.719,15.016,1.69,2.6
03/01/24,15.24.10.38,37.699,14.953,0.05,2.5
07/01/13,02.37.49.45,37.715,15.013,1.2,2.6
07/01/16,15.08.25.08,37.713,15.005,-1.58,3.4
08/10/04,11.21.47.88,37.693,14.959,1.02,2.1
05/08/20,18.47.36.30,37.726,15.086,2.19,1.1
05/16/31,23.22.20.99,37.736,15.120,8.5,1.0
05/16/10,21.44.46.10,37.731,15.028,2.74,1.6
06/05/21,07.25.20.82,37.745,14.991,0.45,0.9
03/03/09,07.55.59.77,37.685,15.103,4.58,3.0
04/04/18,17.58.30.75,37.736,14.864,6.01,2.3
07/01/13,18.46.20.31,37.713,15.022,2.45,2.6
07/11/03,21.58.23.79,37.757,15.004,2.24,1.1
12/16/31,22.44.33.70,37.72,15.017,4.29,1.2
11/07/14,15.53.43.84,37.804,15.059,1.25,2.4
12/03/23,16.18.46.76,37.702,15.088,5.23,2.4
11/02/12,22.46.49.65,37.705,15.102,2.52,2.3
12/01/25,10.00.48.21,37.693,15.076,4.19,2.0
02/13/19,00.14.16.89,37.729,15.072,3.77,1.5
12/12/14,04.21.12.28,37.735,14.994,0.46,1.2
04/05/01,22.01.28.15,37.716,15.077,2.45,1.2
08/06/28,03.22.35.62,37.73,15.078,4.57,1.2
04/09/20,20.16.57.13,37.694,14.918,-1.04,2.6
07/01/14,05.53.18.06,37.696,14.922,-0.09,3.3
10/12/14,10.21.46.83,37.738,15.043,0.05,1.2
04/01/16,12.24.23.42,37.635,14.835,1.92,2.6
08/06/29,19.39.21.92,37.729,15.078,6.05,1.4
10/11/09,02.10.44.18,37.745,15.063,3.12,1.1
08/06/22,07.37.21.36,37.744,15.08,6.97,1.3
02/08/02,17.20.33.29,37.735,15.073,7.17,1.7
05/09/20,22.25.54.71,37.801,15.044,0.1,1.3
01/16/21,12.58.33.21,37.693,14.976,3.71,1.5
12/11/01,07.07.50.06,37.738,15.06,5.44,1.6
02/06/17,23.29.36.63,37.758,15.112,9.76,2.0
07/02/09,04.46.06.55,37.655,15.057,0.88,2.9
11/02/24,06.59.58.99,37.691,15.083,4.24,3.7
10/12/21,23.44.16.49,37.731,14.91,4.29,1.1
04/03/15,19.06.18.40,37.705,15.063,3.95,2.7
07/01/13,04.24.36.03,37.712,15.012,1.05,2.4
07/01/13,04.01.02.03,37.729,14.999,0.36,2.6
07/02/07,23.37.39.08,37.644,15.06,0.54,2.8
02/08/29,11.47.30.50,37.74,15.05,3.95,1.5
07/09/18,02.31.10.31,37.82,15.218,8.42,1.4
04/09/21,18.29.24.20,37.698,14.914,0.13,2.0
05/08/14,01.47.01.33,37.736,15.066,0.84,1.5
10/04/27,09.46.45.25,37.737,15.064,3.49,1.2
08/09/07,03.10.35.60,37.701,15.092,1.32,1.5
06/07/08,19.05.20.86,37.695,15.078,4.83,1.8
10/02/26,22.33.40.93,37.743,15.007,1.31,2.4
01/14/13,04.20.40.76,37.742,15.093,8.,1.4
01/13/04,08.48.44.45,37.879,14.73,9.51,2.3
11/01/09,01.56.07.53,37.755,15.11,3.55,2.0
02/14/07,22.20.03.34,37.741,15.074,3.08,1.2
10/02/29,10.13.25.65,37.692,15.088,1.89,2.8
05/15/22,06.21.54.57,37.734,15.131,6.32,1.5
05/03/05,19.12.35.21,37.736,15.1,5.46,2.0
10/16/13,02.14.58.12,37.744,15.097,5.96,1.2
10/09/30,11.31.45.30,37.723,15.115,6.74,1.4
10/02/14,03.34.14.97,37.655,14.964,2.9,2.6
07/01/14,05.55.05.43,37.683,14.935,0.98,3.1
07/01/15,10.11.49.41,37.712,15.065,3.91,2.4
11/07/01,11.00.17.11,37.751,15.08,6.29,1.9
05/11/18,18.14.19.68,37.692,15.076,3.41,2.0
06/11/23,19.02.20.50,37.81,15.067,0.36,1.0
10/02/27,00.35.03.80,37.727,14.996,0.01,3.0
12/06/08,03.31.19.15,37.677,15.13,7.28,1.4
07/01/13,22.27.09.71,37.689,15.055,-0.45,2.8
01/14/03,08.43.07.51,37.738,15.08,5.03,1.5
01/04/07,10.06.59.80,37.801,15.034,1.72,2.5
08/02/21,12.51.53.37,37.724,15.072,4.54,1.8
11/07/14,12.37.09.81,37.811,15.053,-0.96,1.9
10/10/04,10.30.22.01,37.755,14.999,2.24,1.6
09/10/06,00.39.06.25,37.769,15.125,6.42,1.3
07/01/13,17.13.53.72,37.682,15.048,-1.57,2.7
01/16/22,03.49.41.83,37.763,15.115,5.93,0.9
09/15/30,18.21.54.33,37.814,15.052,0.28,1.0
08/07/05,10.12.32.02,37.726,15.052,4.16,1.0
07/03/30,08.34.43.46,37.7,15.097,5.06,2.6
07/06/08,10.12.53.60,37.743,15.006,0.4,1.1
09/03/06,10.50.47.90,37.742,15.113,0.17,2.6
08/05/12,05.38.53.69,37.812,15.115,2.22,2.3
11/16/21,05.56.53.57,37.710,15.006,5.16,1.2
04/08/27,17.09.18.16,37.71,15.025,2.3,1.2
03/01/24,17.25.25.51,37.746,15.032,4.26,2.0
04/16/09,20.32.06.43,37.738,15.072,3.48,1.1
01/04/16,01.12.01.41,37.74,15.058,3.17,1.8
06/08/30,19.29.33.89,37.714,14.977,8.32,1.7
04/15/14,23.19.24.70,37.737,15.088,4.82,1.0
10/12/02,23.40.13.94,37.755,14.998,2.19,1.3
01/02/26,02.36.18.67,37.695,15.076,3.37,2.5
08/04/04,10.28.02.27,37.739,15.054,4.27,1.5
07/10/08,12.56.40.11,37.751,15.006,1.79,1.3
12/09/10,19.03.22.95,37.753,15.006,2.17,1.6
06/04/06,22.05.07.68,37.817,15.092,2.5,2.7
03/01/07,07.12.02.45,37.726,15.007,3.19,2.3
08/08/15,17.40.38.35,37.674,15.03,4.98,1.9
08/04/13,16.16.17.40,37.748,15.073,5.26,1.3
02/06/23,03.38.32.07,37.734,15.065,4.89,1.0
09/16/25,10.12.29.44,37.754,15.113,4.67,1.3
11/15/13,22.57.14.34,37.659,15.008,6.79,1.7
03/01/11,08.04.18.35,37.718,15.014,2.88,1.8
12/16/07,22.46.24.17,37.844,14.937,8.21,1.5
06/12/05,12.12.20.36,37.693,15.007,5.86,1.2
05/14/07,19.00.24.46,37.695,14.979,2.56,1.3
10/02/26,23.13.08.83,37.741,15.007,1.15,2.4
05/08/01,21.07.06.65,37.808,15.049,0.2,2.0
12/15/09,08.14.29.96,37.807,15.042,1.05,2.2
02/04/23,14.25.38.16,37.723,15.103,6.58,2.0
12/15/25,16.55.17.46,37.731,15.103,7.29,1.2
12/16/15,17.14.48.93,37.750,15.036,1.93,1.0
10/02/29,03.42.18.95,37.812,15.104,3.14,2.8
09/06/26,10.24.38.43,37.722,15.059,3.13,1.5
11/16/19,04.11.16.83,37.716,15.087,3.73,1.3
03/03/14,03.42.31.26,37.668,15.131,1.87,2.9
04/01/25,19.32.52.34,37.733,15.042,4.63,1.7
08/12/28,15.46.02.19,37.755,15.005,1.54,1.8
09/11/10,02.56.42.96,37.735,15.062,3.76,1.1
04/10/02,20.21.55.04,37.807,15.106,0.64,3.1
03/01/03,08.32.11.09,37.738,15.042,4.38,1.6
07/15/17,12.10.45.05,37.800,15.036,-0.23,1.3
08/05/14,23.05.13.07,37.809,15.094,1.37,2.1
05/04/15,10.15.13.00,37.746,15.079,4.28,1.2
11/07/14,00.30.33.86,37.811,15.056,-0.25,1.6
12/10/23,04.16.56.72,37.741,15.06,3.75,1.1
02/06/24,09.35.46.22,37.749,15.1,8.63,1.4
07/01/17,16.35.22.02,37.71,15.007,-1.57,2.7
08/09/25,14.27.55.21,37.81,15.109,-0.06,2.1
06/10/29,09.04.21.27,37.698,15.1,5.38,2.5
09/04/26,04.58.04.03,37.755,15.067,5.93,1.8
03/03/31,12.49.13.19,37.794,15.043,3.65,2.5
11/02/01,08.53.14.01,37.814,15.125,2.02,3.0
10/15/06,22.24.52.32,37.809,15.051,-1.58,1.1
10/00/31,14.43.50.90,37.733,15.035,4.19,1.9
06/06/16,14.21.51.44,37.733,15.091,0.38,1.5
07/10/02,00.32.49.62,37.757,15.109,4.35,1.5
08/14/12,14.37.01.56,37.672,15.114,7.07,1.7
09/08/17,07.21.49.42,37.682,15.082,1.61,1.6
12/04/25,03.02.59.99,37.743,15.081,5.89,1.5
03/05/03,02.26.51.78,37.687,15.094,5.62,1.2
05/08/02,03.21.46.44,37.733,15.042,4.29,1.7
03/01/14,10.25.46.65,37.719,15.006,4.08,1.9
07/01/12,23.22.20.97,37.722,15.024,2.28,2.3
04/02/24,17.32.49.88,37.73,14.906,0.27,2.1
09/12/25,03.27.48.08,37.755,15.002,1.66,2.1
03/01/19,14.32.35.36,37.716,15.007,3.87,2.0
07/01/14,10.28.15.28,37.722,15.016,1.54,2.6
07/01/12,23.46.48.46,37.73,15.038,-0.02,2.5
10/16/04,21.44.07.07,37.742,15.137,6.53,1.7
05/08/01,22.43.49.16,37.811,15.073,-0.66,3.2
10/04/02,00.22.30.61,37.74,15.043,3.34,1.3
07/01/17,17.11.57.39,37.707,15.072,1.65,2.6
11/06/05,20.45.05.67,37.678,15.087,0.34,2.0
11/02/29,06.21.23.66,37.736,15.05,5.05,2.0
04/01/13,13.11.47.08,37.724,15.01,4.52,1.9
09/03/01,19.21.07.89,37.737,15.092,5.94,2.5
09/16/22,01.46.01.64,37.754,15.107,4.29,0.7
11/00/07,02.21.27.51,37.743,15.036,4.18,2.2
09/07/13,05.55.37.22,37.708,15.068,3.61,1.5
01/09/08,15.39.49.50,37.677,14.951,9.72,2.7
05/06/01,03.51.52.39,37.72,15.113,7.18,1.5
03/04/02,21.09.55.47,37.684,15.091,5.92,1.5
10/13/09,08.14.49.28,37.679,15.044,2.83,3.0
02/03/13,05.32.41.54,37.806,15.067,1.65,2.5
01/04/15,20.46.45.52,37.724,15.075,4.96,1.7
10/12/26,13.17.29.25,37.7,14.974,1.03,2.0
01/03/04,02.44.38.94,37.746,15.085,4.82,1.7
09/13/25,10.30.56.95,37.719,15.118,5.26,1.8
12/15/20,03.30.07.48,37.793,15.045,0.93,0.9
04/10/07,01.48.39.81,37.739,15.119,0.26,2.0
05/06/16,09.21.30.72,37.659,15.205,9.23,2.2
03/10/06,22.53.46.95,37.754,15.004,1.69,1.7
10/02/29,11.51.40.00,37.782,15.015,1.98,2.7
01/16/21,23.58.12.57,37.739,15.074,6.16,1.4
01/01/23,09.49.13.64,37.708,15.088,3.2,2.0
11/10/24,22.49.07.31,37.737,15.088,3.31,1.9
01/14/29,14.48.43.22,37.706,15.09,4.26,1.5
08/08/29,16.39.26.80,37.74,15.07,4.29,1.5
12/14/22,16.53.15.03,37.726,14.922,7.7,2.4
08/02/16,06.25.18.62,37.754,15.018,2.39,1.4
03/08/03,20.30.27.01,37.674,15.036,8.63,1.1
07/11/02,02.21.41.23,37.743,15.05,4.32,1.0
08/02/27,19.15.12.00,37.717,15.017,2.21,2.0
05/09/20,00.49.23.74,37.804,15.045,-0.14,1.3
07/07/15,08.02.03.89,37.747,15.001,0.27,1.7
10/12/08,02.41.13.73,37.748,15.039,1.38,1.2
04/10/20,17.15.54.00,37.732,15.101,3.53,1.5
09/16/25,09.36.23.39,37.747,15.116,5.93,1.7
04/10/19,01.01.44.55,37.711,15.086,2.05,1.2
05/09/15,03.59.26.23,37.739,15.132,0.41,1.7
10/07/05,03.17.16.61,37.733,15.091,3.72,1.2
02/06/25,18.50.37.58,37.742,15.102,3.96,1.6
07/01/13,08.08.48.70,37.69,14.985,-1.55,2.6
10/07/18,16.16.52.22,37.716,15.063,4.01,1.3
12/15/08,09.32.02.90,37.812,15.053,0.82,2.9
09/16/25,09.55.27.84,37.753,15.119,4.31,1.4
11/00/12,10.54.03.84,37.719,15.014,3.88,1.9
06/09/13,21.50.13.45,37.739,15.074,4.66,2.0
07/01/13,03.15.31.71,37.693,14.968,-0.16,3.9
02/12/06,00.38.02.73,37.704,15.017,2.16,1.4
09/05/14,19.11.02.62,37.71,15.104,5.26,1.6
06/05/01,06.31.15.38,37.679,15.089,5.79,2.3
07/01/17,15.44.33.76,37.708,15.067,2.17,2.7
04/10/29,10.18.05.15,37.714,15.085,3.22,1.2
07/04/23,22.36.52.30,37.752,15.006,1.14,1.5
09/10/24,09.13.34.99,37.757,15.004,1.79,1.2
04/06/17,05.39.28.67,37.737,15.085,4.17,1.2
05/11/27,21.57.20.96,37.74,14.853,4.12,1.7
09/06/03,09.41.37.57,37.747,15.039,2.26,1.2
03/11/15,05.43.29.46,37.722,15.131,6.71,2.0
07/04/14,10.28.09.03,37.751,15.096,6.22,1.7
02/04/15,00.30.09.73,37.739,15.091,5.49,1.7
12/08/08,03.31.42.55,37.68,15.051,4.57,1.0
11/02/04,02.49.52.59,37.694,15.098,2.49,2.7
04/16/21,00.08.13.47,37.690,14.931,1.68,1.0
12/16/24,16.33.21.57,37.720,15.012,3.9,2.0
04/01/24,04.03.54.52,37.716,14.983,4.14,2.9
07/01/13,16.40.54.89,37.719,15.023,2.16,2.1
10/05/08,23.33.09.94,37.676,15.088,3.8,1.9
07/06/22,10.06.12.98,37.746,15.041,3.67,2.0
07/01/15,12.26.58.76,37.729,15.007,-0.38,2.6
10/07/01,23.00.17.88,37.656,15.128,0.11,2.1
05/08/02,16.14.01.13,37.804,15.045,1.03,2.6
08/12/23,02.59.56.77,37.709,15.023,5.28,1.6
10/02/27,02.50.25.01,37.768,15.021,3.45,4.2
07/01/13,22.44.42.15,37.721,15.038,1.21,2.4
02/08/18,22.05.21.82,37.735,15.09,4.15,1.2
07/10/02,00.32.19.24,37.756,15.097,3.81,1.5
02/04/07,20.47.17.72,37.713,15.074,4.24,1.5
06/02/15,01.52.41.89,37.706,15.059,2.55,1.8
07/01/15,10.34.37.00,37.711,15.043,0.14,2.8
12/00/11,18.42.41.75,37.742,14.971,4.1,2.8
06/04/01,12.46.42.06,37.813,15.048,-1.37,2.6
09/11/16,21.46.18.61,37.767,15.026,3.08,1.1
07/01/12,22.34.14.01,37.741,15.009,-0.34,2.3
07/04/12,18.48.06.47,37.64,15.136,3.09,2.7
09/09/14,13.22.42.43,37.723,15.112,6.85,1.5
03/05/23,05.30.44.44,37.665,15.108,4.98,1.7
12/00/09,17.52.52.42,37.728,15.038,4.01,2.1
04/10/03,10.28.39.01,37.812,15.016,5.12,1.7
05/08/01,22.16.39.93,37.809,15.025,1.42,2.0
10/07/10,22.25.47.46,37.721,15.086,5.21,1.2
07/01/14,16.52.36.36,37.692,15.04,-1.55,3.3
07/01/13,18.58.26.20,37.712,15.047,1.25,2.8
07/02/24,20.12.47.31,37.744,15.003,0.48,1.5
10/12/27,11.01.27.38,37.723,15.082,5.75,1.9
04/10/02,20.04.44.54,37.799,15.079,0.31,4.0
03/12/06,00.38.37.88,37.695,15.001,7.7,1.8
01/10/11,22.15.45.66,37.76,15.087,5.74,2.9
06/09/29,19.58.27.10,37.727,15.098,4.23,1.3
07/01/13,04.38.16.55,37.715,15.011,0.91,2.5
02/08/21,22.23.13.91,37.638,15.067,1.8,2.0
09/02/21,08.58.35.88,37.701,15.096,4.,1.8
12/05/01,07.12.35.97,37.664,15.068,2.28,1.8
05/16/09,00.08.31.97,37.676,14.916,2.68,1.5
04/06/26,20.41.15.92,37.697,15.014,2.08,1.5
12/08/19,06.11.41.42,37.746,14.999,-0.23,1.2
05/11/02,14.24.47.55,37.741,15.115,4.92,1.4
10/16/03,17.34.14.04,37.764,15.120,4.1,0.9
07/11/11,08.53.51.45,37.74,15.083,6.92,2.3
01/13/09,19.54.27.30,37.749,15.001,1.48,1.5
10/02/27,06.49.32.88,37.775,15.026,3.4,2.9
04/14/15,15.58.51.77,37.753,15.102,4.36,1.0
01/06/14,04.04.38.83,37.716,15.017,2.37,1.1
06/04/29,03.25.15.46,37.745,15.007,1.79,1.7
06/08/01,06.34.45.16,37.728,14.849,3.31,2.0
10/13/09,08.18.22.86,37.669,15.046,2.6,2.6
03/01/14,11.02.19.85,37.732,14.999,1.54,2.5
09/13/02,17.46.17.81,37.747,15.001,-0.23,1.5
09/16/27,23.49.57.25,37.738,15.057,4.24,1.2
10/02/27,02.29.28.80,37.763,15.015,3.14,3.5
08/12/31,09.26.36.77,37.736,15.041,5.04,2.1
11/12/01,13.35.42.48,37.762,15.174,9.81,1.8
12/05/07,01.38.50.47,37.747,15.081,5.46,1.7
11/12/23,11.15.32.82,37.74,15.036,3.41,1.4
09/06/27,00.43.06.14,37.698,15.111,3.45,1.6
08/07/11,02.26.26.50,37.728,15.096,7.69,1.2
07/16/21,13.02.55.59,37.626,14.975,1.01,1.8
05/03/08,04.02.13.57,37.694,15.115,3.68,2.1
04/01/20,17.31.12.00,37.705,15.015,3.23,2.2
07/04/26,06.30.16.74,37.701,15.075,4.74,1.8
10/03/28,01.27.59.48,37.705,15.077,5.19,2.0
10/13/19,16.36.45.08,37.737,15.053,2.23,1.2
06/03/27,14.56.12.15,37.731,15.114,3.74,2.8
08/08/07,04.50.14.06,37.745,15.006,-1.58,2.0
09/13/03,03.55.19.25,37.747,14.854,4.36,1.9
05/08/14,23.14.21.22,37.748,15.048,0.34,1.6
09/11/22,17.35.48.34,37.735,15.111,4.18,1.2
05/07/01,03.57.51.87,37.69,15.099,2.35,1.3
06/06/14,06.22.12.10,37.753,15.033,3.28,1.3
07/01/15,21.26.20.17,37.714,15.001,-1.32,2.5
04/16/26,23.56.02.59,37.721,15.162,2.06,2.5
10/05/21,22.30.19.56,37.689,15.076,3.16,1.8
05/05/03,08.18.26.10,37.718,15.087,2.69,1.2
07/01/15,21.04.35.34,37.714,15.009,-1.48,2.8
06/07/15,13.08.50.51,37.721,15.055,3.54,1.5
06/02/27,23.35.53.21,37.742,15.045,4.08,2.2
09/04/12,21.35.39.13,37.736,15.104,5.79,1.5
02/06/05,16.17.14.20,37.689,15.001,4.68,1.3
10/02/27,03.28.55.30,37.77,15.01,1.2,2.8
11/12/16,12.07.32.27,37.752,15.,1.52,1.1
10/01/07,16.05.27.60,37.691,15.078,2.97,2.5
08/04/22,00.27.21.37,37.742,15.072,4.28,1.2
08/04/22,00.14.55.55,37.747,15.076,4.18,1.2
03/05/17,22.12.11.42,37.749,15.066,5.78,1.5
04/06/17,05.12.12.10,37.741,15.074,3.34,2.1
10/02/27,00.23.49.63,37.749,15.01,-0.46,2.5
07/01/13,01.10.58.76,37.711,15.022,1.72,2.2
05/06/17,19.43.15.25,37.677,14.809,1.15,1.9
06/06/10,06.03.49.14,37.716,15.18,2.17,1.5
07/01/14,12.30.06.52,37.742,14.963,2.31,2.6
07/01/15,07.02.54.37,37.731,15.005,-0.54,2.9
11/13/28,06.06.41.22,37.641,14.956,3.57,2.3
12/09/04,15.02.42.81,37.647,14.946,0.33,2.4
04/10/02,20.10.55.74,37.8,15.046,0.36,2.2
05/08/14,04.20.10.88,37.745,15.058,2.38,1.6
03/01/05,10.09.58.65,37.725,15.01,3.16,2.1
05/16/13,17.32.12.85,37.751,15.013,0.73,1.5
10/05/21,22.19.24.61,37.696,15.072,3.54,1.7
12/05/03,03.05.25.41,37.686,15.091,4.17,1.4
02/06/25,02.23.08.75,37.733,15.067,3.66,1.0
04/02/14,07.38.38.14,37.819,15.077,0.26,2.7
01/13/19,02.13.27.87,37.668,15.145,1.44,1.9
05/13/21,01.24.30.34,37.709,15.101,6.75,1.8
09/08/10,00.28.03.15,37.617,14.897,7.24,2.2
05/08/08,20.49.27.24,37.716,15.084,4.14,1.9
10/02/31,11.22.12.38,37.748,15.121,4.88,2.4
09/05/04,00.06.30.13,37.731,15.082,3.94,1.2
06/02/15,02.36.16.05,37.707,15.058,2.74,1.7
12/12/25,12.46.12.02,37.751,15.002,1.03,2.5
06/12/11,11.35.28.99,37.707,14.818,5.22,1.5
11/16/22,12.17.12.60,37.703,15.080,1.07,1.6
05/08/13,09.28.05.31,37.764,15.007,-1.35,3.0
08/04/21,20.37.29.13,37.745,15.077,4.35,1.3
06/08/07,23.58.13.17,37.795,15.08,2.27,1.5
08/09/18,19.03.50.91,37.766,15.129,5.61,1.7
02/08/15,06.57.59.29,37.797,15.124,2.37,2.0
04/10/03,07.42.56.14,37.798,15.024,1.72,2.0
07/12/27,03.52.45.23,37.707,15.08,4.37,1.2
04/03/20,08.32.54.00,37.76,15.024,3.4,1.7
04/05/09,17.57.40.17,37.662,15.15,1.84,1.7
07/10/01,10.56.22.47,37.731,15.065,3.62,2.1
07/01/15,23.33.07.08,37.701,15.083,4.24,2.6
07/01/13,01.38.07.57,37.719,15.016,0.55,2.4
04/02/11,00.38.09.20,37.678,15.059,4.26,1.8
08/07/24,12.16.09.74,37.685,14.951,0.22,1.4
10/12/06,23.26.24.27,37.74,15.028,2.26,1.2
08/05/06,00.46.03.33,37.734,15.075,5.7,1.6
08/08/25,22.43.18.01,37.775,15.074,4.,1.7
03/11/25,03.13.42.13,37.706,14.986,3.56,1.2
11/02/07,15.07.49.09,37.73,15.087,5.17,2.4
11/00/28,16.07.26.55,37.788,15.065,2.01,2.9
03/02/24,23.47.18.00,37.717,15.068,3.64,2.5
12/15/20,16.38.37.64,37.802,15.037,0.35,1.0
05/08/03,05.59.41.63,37.808,15.028,0.57,1.8
04/10/10,11.16.11.69,37.686,15.049,6.58,2.2
10/16/03,14.24.07.46,37.737,15.123,6.56,1.6
04/01/25,19.33.07.62,37.739,15.044,4.87,3.1
10/02/27,00.07.29.55,37.749,14.998,1.56,3.5
10/16/27,01.14.36.91,37.726,15.052,3.39,1.2
08/09/14,19.35.14.36,37.663,15.156,1.96,1.7
05/08/01,21.18.18.58,37.822,15.054,-1.,2.2
11/02/04,08.47.43.04,37.751,15.085,5.13,2.5
05/02/14,07.24.13.69,37.731,15.116,5.53,2.6
05/08/14,20.56.51.36,37.759,15.057,1.23,1.2
04/01/20,21.06.31.16,37.706,15.015,3.15,2.0
08/06/25,05.28.39.76,37.742,15.105,6.61,1.5
08/15/12,21.36.53.58,37.653,14.957,3.68,1.7
02/09/13,01.15.18.32,37.788,15.048,5.35,1.4
09/09/26,20.15.44.88,37.743,15.071,4.46,1.3
02/03/02,12.10.10.16,37.718,15.057,2.27,1.5
04/08/13,16.15.46.98,37.75,15.052,2.29,1.2
03/16/20,22.42.16.77,37.656,14.845,2.92,1.9
08/09/02,13.19.13.90,37.726,15.101,5.59,1.9
07/14/12,00.07.15.16,37.661,15.05,3.39,1.7
06/13/15,23.11.04.20,37.745,15.084,4.36,1.3
04/06/08,20.18.58.44,37.671,15.093,5.68,1.3
07/01/15,09.00.59.23,37.709,14.885,4.14,3.4
10/04/03,15.09.35.42,37.743,15.057,2.29,1.3
10/06/31,06.55.03.14,37.7,14.93,1.72,1.5
09/05/23,00.44.22.58,37.738,15.055,1.46,1.9
10/10/18,16.14.39.34,37.739,15.05,3.4,1.7
09/16/25,04.52.50.93,37.753,15.110,6.05,2.6
08/05/12,19.16.07.32,37.757,15.101,4.45,1.3
11/16/06,13.44.26.55,37.624,14.951,1.69,2.3
04/01/16,02.06.18.53,37.71,14.998,4.14,1.6
06/06/28,17.26.42.35,37.755,15.004,2.43,1.0
11/02/07,06.16.53.26,37.741,15.039,2.42,2.7
03/10/22,22.16.23.31,37.8,15.039,-0.08,1.4
07/11/11,09.29.06.10,37.744,15.072,7.6,1.5
04/01/20,14.48.17.45,37.701,15.012,1.81,1.8
04/05/23,08.06.01.23,37.785,15.113,0.02,2.5
04/05/23,08.03.12.50,37.784,15.112,-0.9,3.0
04/15/19,08.18.43.48,37.807,15.121,0.81,2.7
10/06/13,18.21.13.43,37.736,15.094,5.75,1.5
07/08/14,23.38.18.09,37.759,15.059,1.3,1.1
03/01/17,19.36.57.61,37.731,15.002,2.22,1.7
05/13/23,22.31.42.59,37.687,15.094,4.96,2.0
02/10/08,00.03.48.75,37.704,15.113,4.31,1.9
01/12/15,11.49.11.63,37.715,14.805,4.58,2.2
10/12/08,02.39.20.15,37.75,15.04,0.49,0.9
06/07/23,21.44.39.58,37.733,15.096,8.87,1.3
07/01/13,19.50.43.48,37.716,15.017,2.88,2.6
07/01/15,19.26.04.69,37.72,15.004,-0.85,2.5
01/16/25,05.49.03.31,37.801,15.034,0.48,1.9
08/02/14,16.04.55.14,37.73,15.086,3.86,1.7
07/01/13,04.17.45.96,37.714,15.013,1.48,2.3
01/13/28,18.37.51.13,37.796,15.057,1.98,1.8
05/08/28,15.02.44.75,37.72,15.104,6.93,1.3
09/12/01,20.44.21.20,37.806,15.048,0.18,1.0
10/16/05,02.23.17.42,37.751,15.122,5.3,1.0
08/06/17,08.26.29.90,37.741,15.055,3.98,1.5
08/02/26,18.39.01.94,37.757,15.011,4.36,2.1
08/04/21,20.49.36.66,37.74,15.083,4.48,1.4
10/02/28,11.51.32.20,37.734,15.077,4.57,2.8
12/16/25,03.21.30.91,37.758,14.995,1.95,1.3
10/05/26,01.15.55.74,37.698,15.069,3.59,2.1
08/12/23,08.12.59.28,37.756,15.111,2.92,1.5
04/06/11,08.09.40.82,37.733,15.064,5.16,1.5
09/03/01,02.33.08.04,37.683,15.088,3.25,2.3
07/12/08,21.58.11.84,37.74,15.075,4.09,2.1
04/03/28,20.41.46.40,37.728,15.089,5.18,2.1
10/11/12,00.08.36.80,37.737,15.054,3.16,1.3
07/01/16,19.31.40.76,37.707,14.994,0.06,3.1
04/06/29,04.56.32.47,37.721,15.105,6.69,2.4
05/13/23,19.37.04.79,37.69,15.094,3.53,2.4
09/16/26,19.48.32.07,37.749,15.131,6.61,1.5
07/01/15,00.14.17.24,37.693,14.971,0.33,3.4
01/13/08,00.47.33.12,37.713,15.02,2.46,2.1
11/09/12,08.14.26.11,37.664,15.101,2.06,1.7
11/08/12,00.30.43.74,37.815,15.057,0.28,1.7
03/07/03,11.30.55.51,37.692,15.072,2.99,1.6
05/10/19,09.25.44.55,37.756,15.002,2.16,1.4
05/03/25,08.29.02.47,37.747,15.081,6.47,2.7
11/16/01,13.55.22.73,37.580,14.985,0.04,2.4
10/09/07,15.49.49.13,37.738,15.09,4.43,2.0
07/16/06,01.31.19.26,37.811,15.121,-0.38,2.3
07/01/13,00.03.10.39,37.714,15.02,2.46,2.3
04/03/09,08.26.09.75,37.807,15.015,2.94,2.6
05/06/22,00.15.12.60,37.633,14.952,3.55,2.4
08/04/27,23.16.28.29,37.723,15.058,3.15,1.3
11/02/24,11.03.36.64,37.692,15.083,3.47,3.0
07/06/08,20.00.19.83,37.72,15.094,3.32,1.2
07/01/15,04.57.48.24,37.703,15.045,0.59,3.5
04/08/07,09.50.33.09,37.742,15.054,3.64,1.5
11/02/01,05.42.45.53,37.799,15.103,1.21,2.4
06/05/18,13.11.48.84,37.753,15.044,4.77,1.5
06/06/22,00.57.16.18,37.768,15.082,4.01,1.3
11/07/01,10.53.44.45,37.744,15.078,5.93,1.7
07/15/07,19.55.42.34,37.652,15.090,8.43,1.9
07/01/13,11.04.18.06,37.718,15.019,2.17,1.9
11/16/06,11.04.24.77,37.688,15.085,2.2,2.0
10/02/28,16.27.04.43,37.768,15.006,3.73,3.0
10/10/03,07.12.34.79,37.753,15.009,1.01,1.9
10/15/09,00.39.52.12,37.727,15.113,6.69,2.7
06/09/01,20.52.15.74,37.731,15.097,4.51,1.5
04/03/15,18.55.01.28,37.71,15.063,3.46,2.1
03/05/22,22.33.39.47,37.725,15.069,2.69,1.6
11/14/23,13.41.25.69,37.685,14.968,3.66,1.7
10/10/10,16.58.42.83,37.75,15.097,3.41,1.4
05/16/04,01.49.06.07,37.756,15.003,1.78,1.3
12/05/27,19.11.12.51,37.742,15.063,5.28,1.3
04/05/25,06.05.52.49,37.739,15.123,-0.11,2.7
03/13/05,00.39.33.29,37.736,15.067,4.45,2.0
10/15/20,02.14.10.95,37.754,14.801,6.97,1.6
11/09/01,20.24.32.40,37.711,15.099,5.46,1.1
04/01/08,22.03.24.10,37.724,14.98,6.21,2.0
03/02/30,19.14.06.99,37.72,15.058,3.98,2.0
